,sub,ses,FD,relRMS,coregDC,coregJC,coregCC,coregCOV,normDC,normJC,normCC,normCOV,cbfQEI,scoreQEI,scrubQEI,basilQEI,pvcQEI,GMmeanCBF,WMmeanCBF,Gm_Wm_CBF_ratio,NEG_CBF_PERC,NEG_SCORE_PERC,NEG_SCRUB_PERC,NEG_BASIL_PERC,NEG_PVC_PERC
0,126389,10855,0.16676235,0.001175383,0.990629546,0.981433072,0.987973401,1,0.954093905,0.91221756,0.941745929,0.969372618,0.252555663,0,0,0,0,714.0050006,458.3138454,1.557895332,0.159690704,0,0,0,0
1,120217,10702,0.096718284,0.000932969,0.976618244,0.95430492,0.970886655,1,0.941139389,0.888822739,0.926191988,0.972694655,0.016933338,0,0,0,0,457.7874285,318.0427666,1.43938953,0.124033966,0,0,0,0
2,19981,10852,0.115694027,0.000751107,0.996473653,0.992972088,0.995653836,1,0.978765751,0.958414539,0.972831074,0.982110753,0.52174901,0,0,0,0,615.4351394,451.9021315,1.361877045,0.093994778,0,0,0,0
3,20320,11108,0.236369036,0.001438932,0.980979203,0.962668481,0.977176264,1,0.939662658,0.886192178,0.924449957,0.973042199,0.004738275,0,0,0,0,587.360913,368.0587302,1.595834753,0.045085663,0,0,0,0
4,114723,11256,0.25948315,0.001520345,0.980438152,0.961626952,0.976363078,1,0.920513906,0.852733454,0.901109318,0.964257026,0.02247408,0,0,0,0,779.5614349,757.8837993,1.028602849,2.856574102,0,0,0,0
5,20888,11364,0.166184113,0.000722094,0.989468626,0.97915676,0.987073687,1,0.956912685,0.917385028,0.9455386,0.976948326,0.382402813,0,0,0,0,697.0959195,501.7919455,1.389213051,0.103029054,0,0,0,0
6,86444,10076,0.132966784,0.000957794,0.998683181,0.997369825,0.998355563,1,0.975673984,0.952503372,0.96888338,0.985019505,0.797715392,0,0,0,0,53.01006799,36.5198918,1.451539569,0.19470405,0,0,0,0
7,83454,10161,0.145034695,0.000965236,0.998499472,0.99700344,0.998112137,1,0.973532524,0.948429976,0.966140762,0.975390095,0.809004602,0,0,0,0,47.4122731,35.52031339,1.334793209,0.186732187,0,0,0,0
8,93169,10113,0.141900404,0.000779163,0.999240356,0.998481864,0.999067437,1,0.978209096,0.957347626,0.972140168,0.988360753,0.843597362,0,0,0,0,65.53559392,46.46353848,1.41047359,0.051684929,0,0,0,0
9,125511,10565,0.163620841,0.00201087,0.993638577,0.987357578,0.992135574,1,0.959224098,0.921643262,0.948021494,0.96683279,4.64E-09,0,0,0,0,645.9213431,411.8150701,1.568474274,0.095675469,0,0,0,0
10,82051,9947,0.217543008,0.001875377,0.974652337,0.950557916,0.970291445,1,0.949372566,0.903624382,0.936528852,0.979561464,0.779819513,0,0,0,0,54.10938967,39.06578792,1.385083792,0.086617583,0,0,0,0
11,20649,11287,0.267269966,0.00304457,0.981817423,0.96428425,0.977995589,1,0.942664543,0.891547273,0.927737641,0.968163371,0.295790667,0,0,0,0,619.6207149,418.3496083,1.481107434,0.055047892,0,0,0,0
12,95460,10586,0.126645354,0.000779861,0.965076661,0.932510288,0.95695491,1,0.93727147,0.881948158,0.921771137,0.975278251,0.402842773,0,0,0,0,498.6591945,349.3818483,1.42726131,0.043909722,0,0,0,0
13,88589,10975,0.150501947,0.000488207,0.981371904,0.963425129,0.97620922,1,0.943712668,0.893424204,0.928900969,0.966307212,0.285644521,0,0,0,0,576.6271369,349.1626328,1.65145718,0.15080429,0,0,0,0
14,112332,10640,0.154647089,0.000829386,0.985516255,0.971446078,0.982403743,1,0.957285905,0.918071319,0.946045949,0.978026499,0.552090882,0,0,0,0,232.5898606,175.4051125,1.326015287,0.450944546,0,0,0,0
15,92211,10435,0.105635445,0.000920629,0.997927615,0.995863801,0.997392813,1,0.976910851,0.954863858,0.970481715,0.987792571,1.62E-06,0,0,0,0,674.0664412,471.8737486,1.428488962,0.047308165,0,0,0,0
16,96659,10362,0.14817842,0.001158421,0.997291467,0.994597567,0.996464753,1,0.974343839,0.949971224,0.967166885,0.979859227,6.29E-12,0,0,0,0,854.02016,515.3614359,1.657128571,0.031060724,0,0,0,0
17,104235,10585,0.172769455,0.006381952,0.977237904,0.955488972,0.971713088,1,0.950524424,0.905713716,0.937785157,0.977360181,0.465735901,0,0,0,0,397.2905921,279.1117716,1.423410377,0.027990297,0,0,0,0
18,20362,11149,0.168453221,0.001371869,0.971921482,0.945376706,0.965749816,1,0.93184816,0.872392974,0.915315762,0.974634729,5.17E-10,0,0,0,0,667.8546925,488.4453939,1.367306767,0.049815682,0,0,0,0
19,86486,11196,0.130523831,0.000335786,0.987949995,0.976186938,0.984995376,1,0.94863429,0.902287644,0.935460346,0.97667463,0.391599197,0,0,0,0,546.9041594,389.2627139,1.40497443,0.299113343,0,0,0,0
20,84103,9970,0.121675389,0.001568393,0.99820555,0.996417528,0.997753969,1,0.979026347,0.958914408,0.973163639,0.984285957,0.785151194,0,0,0,0,39.39251959,25.7448116,1.530114891,0.386907874,0,0,0,0
21,88773,10758,0.334919151,0.001897571,0.988490054,0.977242052,0.985694191,1,0.953873753,0.911815143,0.941625815,0.972829274,0,0,0,0,0,-637.1396698,-429.1722992,1.484577805,98.01100705,0,0,0,0
22,112028,11225,0.16073789,0.000801631,0.991832306,0.983796954,0.990011674,1,0.969118525,0.940087244,0.960498146,0.970437585,0.443516013,0,0,0,0,689.7555374,527.8391342,1.306753313,0.068426197,0,0,0,0
23,84973,10075,0.289000906,0.002588399,0.998991046,0.997984125,0.998768101,1,0.972073868,0.945665099,0.964350277,0.976407023,0.820951934,0,0,0,0,47.9561876,37.49352655,1.279052466,0.089988751,0,0,0,0
24,129886,10787,0.106069087,0.000691521,0.984282602,0.969051632,0.980637026,1,0.95819475,0.919744597,0.94692943,0.972543693,0.000526184,0,0,0,0,621.6350004,407.4462883,1.525685761,0.028066236,0,0,0,0
25,87445,11153,0.268896522,0.001710386,0.997745482,0.995501107,0.997113898,1,0.958135068,0.919634628,0.946884623,0.973294664,0.003246146,0,0,0,0,756.3933518,575.7703788,1.313706609,0,0,0,0,0
26,118864,10127,0.165381391,0.001746697,0.986770989,0.973887421,0.98313213,1,0.96863373,0.939175305,0.959980769,0.974185884,0.814392958,0,0,0,0,73.6896533,54.24045772,1.358573589,0.01699813,0,0,0,0
27,88209,10057,0.217108447,0.001219887,0.999693547,0.999387282,0.999628939,1,0.978255543,0.957436604,0.972219365,0.990328189,0.825572456,0,0,0,0,66.22559484,49.31756506,1.342839914,0.086848635,0,0,0,0
28,116360,10097,0.258318891,0.00147077,0.991890446,0.983911364,0.990179363,1,0.968529068,0.938978538,0.959753661,0.968906886,0.511296595,0,0,0,0,451.731337,301.1422516,1.500059638,0.074468085,0,0,0,0
29,99964,10105,0.157128332,0.001584009,0.981253824,0.963197554,0.976672381,1,0.96214716,0.927055477,0.951965329,0.9766029,0.8081342,0,0,0,0,42.13271063,30.54765246,1.379245449,0.106105913,0,0,0,0
30,93278,10148,0.07631292,0.000904991,0.999148103,0.998297657,0.998921602,1,0.973642011,0.948637826,0.966353833,0.978030488,0.818968379,0,0,0,0,39.95972251,30.63119933,1.304543191,0.107843137,0,0,0,0
31,20386,11188,0.210025677,0.001703846,0.979732514,0.96027025,0.974867862,1,0.935893255,0.879510688,0.920047449,0.97412259,0.387900421,0,0,0,0,452.0036637,322.3532936,1.402199614,0.041164969,0,0,0,0
32,109521,10682,0.149570311,0.000806855,0.986334497,0.97303745,0.98372376,1,0.96674037,0.935621931,0.957459366,0.967732361,9.46E-11,0,0,0,0,647.2869808,422.1631282,1.533262707,0.064998375,0,0,0,0
33,126176,10625,0.126759149,0.000964325,0.995107396,0.990262434,0.994095145,1,0.977260396,0.955531977,0.970902687,0.981377205,0.448662136,0,0,0,0,583.6872375,423.3368639,1.378777251,0.25651988,0,0,0,0
34,91962,10569,0.179333933,0.000844424,0.979677965,0.960165449,0.974894027,1,0.958020386,0.919423348,0.946560566,0.968145723,0.000703717,0,0,0,0,565.342811,335.8756419,1.683190862,0.046006625,0,0,0,0
35,83372,11230,0.101249516,0.000525578,0.951769739,0.907977737,0.940317088,1,0.904829079,0.826198962,0.884934998,0.979951151,0.266051733,0,0,0,0,471.83728,309.2763564,1.525617042,0.155620652,0,0,0,0
36,93292,10145,0.208299391,0.000883098,0.999381086,0.998762938,0.999240972,1,0.980056357,0.960892658,0.974497579,0.98880597,0.838693252,0,0,0,0,54.86879041,42.11308417,1.302891761,0.14110496,0,0,0,0
37,127236,10858,0.19340466,0.001299709,0.961987147,0.926758415,0.953440398,1,0.937570237,0.882477383,0.922179586,0.975975081,0.303069,0,0,0,0,547.7433783,341.0827263,1.605895978,0.116247876,0,0,0,0
38,20322,11139,0.147859244,0.000685711,0.992407053,0.984928544,0.990391964,1,0.952695586,0.909664442,0.940488642,0.978654338,0.351984031,0,0,0,0,819.5576636,579.3407258,1.414638445,0.077730276,0,0,0,0
39,132657,10616,0.146095044,0.001094246,0.990782224,0.98173283,0.988218101,1,0.965942546,0.934128508,0.956689741,0.977090825,0.003907942,0,0,0,0,617.6816916,409.6284164,1.50790733,0.343022206,0,0,0,0
40,121050,10890,0.318710642,0.001255219,0.982918707,0.966411155,0.979009592,1,0.965399664,0.933113619,0.956224725,0.983013752,0.01163154,0,0,0,0,768.7212148,569.3050044,1.350280094,0,0,0,0,0
41,20940,11401,0.31854631,0.001098568,0.985825775,0.972047752,0.982844228,1,0.961346623,0.925570208,0.950603978,0.963253699,0.00289209,0,0,0,0,205.3310034,165.0360743,1.24415831,33.96287155,0,0,0,0
42,20326,11192,0.11612936,0.000823222,0.978886295,0.958645732,0.973215598,1,0.9385797,0.884267713,0.92259904,0.964771929,0.231511583,0,0,0,0,690.610801,469.3469455,1.471429201,0.043148084,0,0,0,0
43,127305,10152,0.250445716,0.002411916,0.995926071,0.991885201,0.995128613,1,0.975481872,0.952137248,0.968661559,0.987652646,0.855076579,0,0,0,0,41.49791859,30.85738505,1.344829399,0.033749578,0,0,0,0
44,117397,10582,0.433069188,0.00275257,0.987761884,0.975819689,0.985035878,1,0.968731213,0.939358608,0.960183728,0.977686033,0.388365252,0,0,0,0,417.7460639,309.6769235,1.348973825,0.396729983,0,0,0,0
45,112126,9968,0.291500486,0.004084432,0.981406488,0.963491792,0.977706784,1,0.963354251,0.929299379,0.953272813,0.970254915,0.85298694,0,0,0,0,43.1621559,33.13475783,1.302624758,0.032289312,0,0,0,0
46,119302,10122,0.210160485,0.00320789,0.990261463,0.980710774,0.98788014,1,0.951086816,0.906735496,0.937956842,0.967257677,0.786575476,0,0,0,0,43.6886189,31.94437857,1.367646542,0.127102073,0,0,0,0
47,93787,10163,0.145575747,0.000806458,0.995048224,0.990145246,0.99366276,1,0.974000842,0.949319338,0.96673692,0.976361092,0.785222777,0,0,0,0,68.51325258,50.56639059,1.354916809,0.098223056,0,0,0,0
48,88770,10376,0.411141823,0.027600901,0.990947634,0.982057688,0.988751636,1,0.958423041,0.920165363,0.947174265,0.971528389,0.563256048,0,0,0,0,450.6362018,368.7020437,1.222223227,0.009320533,0,0,0,0
49,115800,11253,0.16530912,0.001648938,0.974912906,0.951053732,0.969680052,1,0.945672149,0.896943156,0.931672762,0.97317779,7.58E-08,0,0,0,0,500.953731,299.8663191,1.67059019,0.534461641,0,0,0,0
50,98394,10025,0.436182493,0.005954737,0.999602133,0.999204582,0.999507859,1,0.978650596,0.958193732,0.972683602,0.984667571,0.828203744,0,0,0,0,59.98178025,46.72195469,1.283802886,0.032545021,0,0,0,0
51,93517,10932,0.255239485,0.001065232,0.997651331,0.995313669,0.997092852,1,0.977390272,0.955780338,0.971071707,0.984396201,0.512676755,0,0,0,0,434.213878,321.0675173,1.352406751,0.177746178,0,0,0,0
52,121407,10619,0.138349958,0.000734773,0.955834439,0.915405062,0.946927647,1,0.937367575,0.882118363,0.922058659,0.977477353,0.274479844,0,0,0,0,674.2001397,467.1177719,1.443319394,0.081400081,0,0,0,0
53,94492,11251,0.154544302,0.00146281,0.975761553,0.952670304,0.970861768,1,0.951656356,0.90777138,0.939118211,0.976684296,0.315593966,0,0,0,0,323.1000214,205.8040662,1.569939931,0.313126253,0,0,0,0
54,106246,10593,0.208923212,0.005779522,0.996681632,0.993385214,0.995674397,1,0.961180693,0.925262638,0.950783314,0.976918226,0.409473521,0,0,0,0,560.7633476,387.5927658,1.446784865,0.208062419,0,0,0,0
55,85743,10974,0.179675833,0.003740588,0.984502145,0.969477327,0.980662839,1,0.949281747,0.903459842,0.936131803,0.974778502,0.153713734,0,0,0,0,601.7035474,413.7341777,1.454324007,0.018707324,0,0,0,0
56,90021,10830,0.39452329,0.004205692,0.964581107,0.931585384,0.957056324,1,0.910197952,0.83519567,0.890607499,0.977055989,0.317047575,0,0,0,0,541.4491498,368.4249389,1.46963219,0.164762742,0,0,0,0
57,20327,11170,0.225705407,0.002112936,0.990761497,0.981692132,0.988155557,1,0.933931758,0.876052509,0.917774945,0.974698484,0.503018442,0,0,0,0,396.635532,273.0249436,1.452744672,0.305018948,0,0,0,0
58,133220,10792,0.309969952,0.000499656,1,1,1,1,0.972519467,0.946508897,0.964881352,0.974328201,0.00098372,0,0,0,0,32.54018146,16.9377376,1.921164575,85.35068336,0,0,0,0
59,120562,10666,0.219235707,0.001494707,0.999952178,0.999904361,0.999937136,1,0.975271849,0.95173715,0.968356392,0.979638738,0.484039451,0,0,0,0,435.3547836,300.8310757,1.447173576,0.282673761,0,0,0,0
60,81725,10356,0.182037156,0.001277963,0.959428147,0.922020083,0.952018191,1,0.934659354,0.877333796,0.918462509,0.972555581,0.155121129,0,0,0,0,1076.33211,771.3696606,1.395351885,0,0,0,0,0
61,20247,11123,0.203277733,0.002074475,0.988222715,0.976719611,0.984712737,1,0.947873027,0.900911251,0.934302369,0.972627859,0.27479142,0,0,0,0,607.4690112,427.4108582,1.421276506,0.073827981,0,0,0,0
62,122916,10114,0.202477162,0.002244009,0.984682249,0.969826686,0.980652542,1,0.961603309,0.926046198,0.951169942,0.973070945,0.816532949,0,0,0,0,51.21581503,38.57427829,1.327719333,0.080436143,0,0,0,0
63,114935,10916,0.182248381,0.000506092,0.982649142,0.96589012,0.978605343,1,0.953574769,0.911268899,0.94132463,0.974193149,0.000248618,0,0,0,0,781.6523558,536.4355378,1.457122619,0.077376922,0,0,0,0
64,114713,10107,0.156475375,0.00144708,0.999848549,0.999697143,0.999804171,1,0.974206789,0.9497107,0.966991685,0.979240163,0.799442581,0,0,0,0,55.51282861,40.35568065,1.375588956,0.142342795,0,0,0,0
65,105309,10776,0.194733038,0.00311043,0.990797296,0.981762427,0.98873913,1,0.964674986,0.931760532,0.955092952,0.976423781,0.45325373,0,0,0,0,577.3640533,403.8928448,1.429498098,0.11369509,0,0,0,0
66,114990,10096,0.167312368,0.001428903,0.994805463,0.989664613,0.993347294,1,0.956181773,0.916042419,0.94443759,0.972307085,0.826338728,0,0,0,0,46.53893835,33.84848696,1.374919311,0.121254114,0,0,0,0
67,20589,11245,0.170512466,0.001467772,0.995561757,0.991162737,0.994489325,1,0.959211037,0.921619147,0.948301602,0.975572218,0.305774768,0,0,0,0,661.1745253,499.7594141,1.322985634,0.130561414,0,0,0,0
68,21056,11447,0.19022635,0.000905539,0.995095477,0.990238829,0.993964914,1,0.96641741,0.935017114,0.957118185,0.970306509,0.483379147,0,0,0,0,535.4558561,450.0757885,1.189701534,0.06684492,0,0,0,0
69,128061,10153,0.374849558,0.00379123,0.991992265,0.98411176,0.99026411,1,0.96796685,0.937922247,0.959156089,0.974748582,0.818689231,0,0,0,0,40.82221236,28.45217032,1.434766202,0.184361783,0,0,0,0
70,126921,11262,0.108221633,0.000745591,0.988335101,0.976939203,0.985432965,1,0.962104762,0.926976758,0.951786449,0.972858858,0.394612425,0,0,0,0,546.1187398,372.0212588,1.467977238,0.144704712,0,0,0,0
71,20151,10947,0.175416345,0.001590012,0.985860485,0.972115247,0.982238418,1,0.954369322,0.912721233,0.942225166,0.972650988,1.73E-19,0,0,0,0,798.4954118,444.7086765,1.795547184,0.081833061,0,0,0,0
72,97485,10402,0.260591911,0.000902754,0.973924147,0.949173634,0.968268041,1,0.948476399,0.902002007,0.935005322,0.972103023,0.000322554,0,0,0,0,663.4385345,442.5253791,1.499210138,0.120750511,0,0,0,0
73,98871,10717,0.249597319,0.003283111,0.988313081,0.976896174,0.98525047,1,0.957026713,0.917594655,0.94566776,0.976721394,0.490590039,0,0,0,0,429.1532968,306.7035383,1.399244688,0.169603317,0,0,0,0
74,102041,10603,0.141177183,0.000608944,0.96271121,0.928103358,0.954578029,1,0.93183024,0.872361563,0.915582585,0.977922641,0.388949446,0,0,0,0,447.597066,314.5814322,1.422833709,0.142747337,0,0,0,0
75,20197,10999,0.221390641,0.001058634,0.990033747,0.980264186,0.987721406,1,0.959642336,0.92241579,0.948775471,0.974073395,0.310661787,0,0,0,0,794.6358086,567.2149263,1.40094305,0.170068027,0,0,0,0
76,21016,11431,0.276195809,0.00443904,0.991305026,0.982759954,0.989247779,1,0.962137815,0.927038127,0.952096104,0.980240841,0.310651654,0,0,0,0,684.6293671,508.1413459,1.347320726,0.345442389,0,0,0,0
77,132179,10780,0.180236294,0.001268728,0.990812488,0.981792261,0.98878186,1,0.96745559,0.936962692,0.958372453,0.968618555,0.00025054,0,0,0,0,534.8390753,339.3797256,1.575931132,0.147477088,0,0,0,0
78,109646,10608,0.114911217,0.000680938,0.992176773,0.984475002,0.989773244,1,0.951761544,0.907962819,0.939215281,0.976126907,0.41800787,0,0,0,0,430.5147444,280.4416969,1.535131006,0.437539066,0,0,0,0
79,84354,10315,0.27840882,0.000877689,0.9828354,0.966250103,0.979221755,1,0.966145118,0.934507477,0.956680701,0.96900865,1.44E-06,0,0,0,0,491.4942782,324.5583607,1.514347919,0.136885332,0,0,0,0
80,127008,10573,0.128419211,0.00070831,0.993299565,0.986688323,0.991504581,1,0.9630431,0.928720471,0.953027225,0.975211606,0.487372049,0,0,0,0,487.1549641,339.9796912,1.432894307,0.077895101,0,0,0,0
81,87135,9969,0.094524585,0.000859376,0.991218098,0.982589096,0.988637112,1,0.957403268,0.918287233,0.945816302,0.968820817,0.782862471,0,0,0,0,54.99034025,39.14851547,1.404659656,0.032778825,0,0,0,0
82,121001,10494,0.138171357,0.001506086,0.980437709,0.961626099,0.975633696,1,0.961242741,0.925377641,0.95076051,0.974203887,0.410290072,0,0,0,0,502.0013837,345.7822988,1.451784505,0.114619152,0,0,0,0
83,128154,10572,0.5382376,0.001468238,0.999820656,0.999641377,0.99977822,1,0.976155495,0.953421628,0.96950986,0.976157564,4.73E-31,0,0,0,0,967.2345055,959.5153868,1.00804481,0.042712226,0,0,0,0
84,129405,10136,0.237465098,0.000624275,0.984614852,0.969695936,0.980463108,1,0.957402581,0.918285968,0.945817658,0.968886091,0.793806367,0,0,0,0,59.93092469,42.32347461,1.416020902,0.108081144,0,0,0,0
85,104059,10762,0.156772915,0.004249307,0.981034056,0.962774136,0.97699413,1,0.929572389,0.868412192,0.912936116,0.97782895,0.379805391,0,0,0,0,552.7351407,403.9045631,1.368479565,0.127773261,0,0,0,0
86,80557,10863,0.15980981,0.000997586,0.974466489,0.950204433,0.969596701,1,0.960692755,0.924358758,0.949899298,0.968456066,0.013075304,0,0,0,0,643.0784152,461.3648672,1.393860827,0.089435439,0,0,0,0
87,93406,10138,0.216374821,0.001691147,0.985186715,0.970805891,0.981580102,1,0.956781833,0.917144528,0.945084682,0.969905421,0.826086099,0,0,0,0,53.40698175,40.38782662,1.322353447,0.010311404,0,0,0,0
88,83010,10101,0.255052564,0.00468556,0.983429933,0.967400049,0.97912288,1,0.951520239,0.907523706,0.938949395,0.976618368,0.767589527,0,0,0,0,54.71182061,40.60295022,1.347483873,0.089955022,0,0,0,0
89,105176,10571,0.095581302,0.000472817,0.985032384,0.970506221,0.981224713,1,0.961399998,0.925669167,0.950810596,0.969499681,0.469661654,0,0,0,0,515.4219968,363.4824801,1.418010565,0.117265019,0,0,0,0
90,93051,10149,0.178772265,0.001351832,0.997908685,0.9958261,0.99736917,1,0.963967256,0.930440916,0.954073955,0.971626226,0.775622776,0,0,0,0,72.89558887,53.5306608,1.361753952,0.019036741,0,0,0,0
91,98314,10120,0.121403675,0.001855616,0.993193486,0.986479003,0.991889145,1,0.976787884,0.954628927,0.970321398,0.977117375,0.848203632,0,0,0,0,49.10740912,37.95797322,1.293731065,0.167044505,0,0,0,0
92,20017,10922,0.225213353,0.001228674,0.993264481,0.98661909,0.991750389,1,0.949096958,0.903125141,0.935526592,0.96749031,7.96E-05,0,0,0,0,561.8923229,458.3455371,1.225914245,0,0,0,0,0
93,122528,10697,0.200218115,0.002343081,0.959555106,0.922254616,0.951352687,1,0.918981023,0.850106283,0.900731967,0.978187823,0.376232902,0,0,0,0,419.5351562,310.0699739,1.353033803,0.137598899,0,0,0,0
94,98422,11250,0.123326384,0.000711481,0.992193147,0.984507244,0.990152895,1,0.962455371,0.927627924,0.952346946,0.976612833,0.539580756,0,0,0,0,336.0149279,224.7746948,1.494896604,0.093589144,0,0,0,0
95,125554,10058,0.167466175,0.00192431,0.99971223,0.999424626,0.999640873,1,0.974797744,0.950834568,0.967765905,0.985015265,0.766569156,0,0,0,0,54.83305882,39.42376146,1.390863195,0.30786454,0,0,0,0
96,95057,10778,0.264075995,0.002798043,0.973964758,0.949250784,0.96899617,1,0.948897163,0.902763393,0.935463956,0.971117098,1.07E-07,0,0,0,0,561.1085242,352.711572,1.590842401,0.176932434,0,0,0,0
97,20153,10963,0.175013366,0.001455222,0.982681206,0.965952081,0.978681156,1,0.960230748,0.923503697,0.949436159,0.972158367,2.05E-07,0,0,0,0,618.6378862,333.9994861,1.85221209,0.058921732,0,0,0,0
98,122522,10540,0.358576685,0.001272277,0.994527901,0.989115363,0.99301884,1,0.964916377,0.932211037,0.955353607,0.975112466,0.397094758,0,0,0,0,626.8100217,467.4507811,1.340911272,0.087370158,0,0,0,0
99,87538,9942,0.125975933,0.000761308,0.985507715,0.971429481,0.981206097,1,0.955602959,0.914980531,0.944022937,0.97866912,0.717673317,0,0,0,0,56.25139414,38.00625672,1.480056154,0.309278351,0,0,0,0
100,80688,10982,0.106646702,0.00098465,0.984938223,0.970323428,0.981473674,1,0.956080512,0.915856561,0.944406381,0.974482382,0.347164699,0,0,0,0,569.6787294,420.0467767,1.35622688,0.074089754,0,0,0,0
101,116051,10098,0.158811882,0.00397879,0.993446709,0.986978751,0.991944382,1,0.973631928,0.948618682,0.966257597,0.977679783,0.785651749,0,0,0,0,69.22411205,49.85338219,1.388553976,0.084379285,0,0,0,0
102,125535,10150,0.120125251,0.000320877,0.998146979,0.996300813,0.997722415,1,0.980258478,0.961281322,0.97474086,0.984608209,0.866997632,0,0,0,0,42.39436832,31.68451207,1.338015502,0.150537634,0,0,0,0
103,85173,10069,0.172813777,0.001202268,0.99868312,0.997369703,0.99828088,1,0.966467453,0.935110806,0.957299728,0.97553316,0.785692439,0,0,0,0,35.11704549,24.03755871,1.460923961,0.466766243,0,0,0,0
104,20313,11136,0.30388475,0.000998032,0.992951467,0.986001602,0.991444275,1,0.95475118,0.913420003,0.942857722,0.976156194,4.67E-07,0,0,0,0,694.0569151,547.3785088,1.267965227,0,0,0,0,0
105,93856,10352,0.158064599,0.000579557,0.989833974,0.979872564,0.987348887,1,0.963248539,0.929102658,0.953221034,0.973226922,0.353138226,0,0,0,0,609.1920788,455.3705214,1.33779428,0.037126415,0,0,0,0
106,110354,10910,0.343120973,0.002666901,0.987556827,0.975419513,0.984962426,1,0.965256736,0.932846601,0.955775525,0.975034284,0.296458123,0,0,0,0,844.1216803,652.8133391,1.293052133,0.067196775,0,0,0,0
107,98831,10084,0.148627417,0.002085197,0.997754389,0.99551884,0.997213079,1,0.96882767,0.939540018,0.960222991,0.974114208,0.773562133,0,0,0,0,52.5424066,35.93290879,1.462236384,0.031618887,0,0,0,0
108,87601,10595,0.106630581,0.00066066,0.988834837,0.977916243,0.986508361,1,0.97158244,0.944735367,0.963776024,0.97864167,0.356378603,0,0,0,0,472.222544,344.483715,1.370812388,0.246969017,0,0,0,0
109,112249,10594,0.154394171,0.00084041,0.982987641,0.96654444,0.978113434,1,0.939815722,0.886464497,0.924993272,0.977923346,0.126034863,0,0,0,0,408.4114274,326.4870563,1.250926858,0,0,0,0,0
110,92089,11104,0.133924713,0.001551517,0.992559408,0.985228723,0.990789835,1,0.951547052,0.907572489,0.938880341,0.97474597,0.370421044,0,0,0,0,520.1380894,378.8540626,1.372924671,0.061874807,0,0,0,0
111,130687,10385,0.120386459,0.000816138,0.974972251,0.95116669,0.968690539,1,0.951113931,0.906784788,0.938395045,0.975509513,0.37992939,0,0,0,0,652.5085509,447.3348707,1.458657918,0.063376376,0,0,0,0
112,20461,11193,0.11381474,0.000634955,0.9999814,0.9999628,0.999976601,1,0.971118712,0.943858853,0.963085885,0.972528991,2.96E-10,0,0,0,0,777.7355937,427.8143027,1.817927986,0.108609795,0,0,0,0
113,129552,10976,0.106826375,0.000622572,0.995455514,0.990952145,0.994228349,1,0.971412098,0.944413302,0.963559881,0.97852733,0.507035418,0,0,0,0,264.2721303,178.6160393,1.479554307,0.325262017,0,0,0,0
114,127417,10576,0.261033576,0.003364911,0.989015446,0.978269591,0.985912717,1,0.959280159,0.921746776,0.948255321,0.972086179,0.463583016,0,0,0,0,479.6736254,324.7811337,1.476913452,0.104364326,0,0,0,0
115,121085,10015,0.125920015,0.000475281,0.996204623,0.992437948,0.995206843,1,0.96867365,0.939250364,0.960047674,0.97498357,0.807346559,0,0,0,0,52.54394072,35.28604138,1.489085731,0.06294398,0,0,0,0
116,20981,11462,0.141874143,0.000967204,0.975666872,0.952489816,0.970785214,1,0.943832912,0.893639769,0.929593121,0.975253032,4.16E-07,0,0,0,0,276.7667063,170.5998195,1.622315353,0.664126293,0,0,0,0
117,99949,10326,0.22135084,0.00100119,0.973418273,0.948213131,0.967949504,1,0.953452775,0.911046107,0.940714361,0.962858391,2.14E-10,0,0,0,0,469.4749157,339.8523321,1.381408545,0.019013214,0,0,0,0
118,84688,10471,0.677540514,0.001755942,0.996097101,0.992224548,0.995263831,1,0.96966806,0.941122004,0.961208844,0.982615332,0.002461972,0,0,0,0,575.219269,361.8725725,1.589563047,0.390189521,0,0,0,0
119,86350,9955,0.090362185,0.000241841,0.991204343,0.982562064,0.989042651,1,0.969392323,0.940602661,0.960945443,0.974757565,0.819222652,0,0,0,0,51.03625976,37.41712908,1.363981177,0.188230632,0,0,0,0
120,114709,10275,0.106048995,0.00119979,0.97988529,0.960563826,0.97550334,1,0.960954572,0.924843656,0.950334956,0.972164729,4.92E-07,0,0,0,0,683.503875,440.1100359,1.553029513,0.052197515,0,0,0,0
121,130121,10786,0.320572702,0.004505077,0.990414025,0.981010086,0.988021107,1,0.957962321,0.919316393,0.946651128,0.972771422,0.000476437,0,0,0,0,485.0746786,401.4084758,1.20843158,0.010288066,0,0,0,0
122,117226,10074,0.337667259,0.001221928,0.992099246,0.984322357,0.990542952,1,0.968907419,0.939690031,0.960211165,0.972557666,0.792499422,0,0,0,0,59.83620429,42.73349631,1.400217849,0.11615751,0,0,0,0
123,89279,10816,0.136379552,0.001997879,0.988020977,0.976325551,0.985001179,1,0.958537527,0.920376443,0.947451545,0.97506766,0.160349227,0,0,0,0,532.2748251,353.8356684,1.504299517,0.219131098,0,0,0,0
124,92193,10642,0.090581949,0.001067641,0.986690437,0.97373051,0.982451229,1,0.940575094,0.887816671,0.925486231,0.972256794,0.283901172,0,0,0,0,624.2533602,435.3794426,1.433814506,0,0,0,0,0
125,84761,10278,0.133146928,0.000894794,0.963026089,0.928688831,0.954985286,1,0.923361705,0.85763409,0.905873714,0.97921915,0.423231709,0,0,0,0,341.1063458,232.7421057,1.465597919,0.097076906,0,0,0,0
126,116354,10643,0.707315408,0.008949589,0.963027245,0.928690981,0.955417183,1,0.937759336,0.8828125,0.922556112,0.977904622,0.306244157,0,0,0,0,685.2428775,529.2504728,1.294742117,0.012410027,0,0,0,0
127,88402,10679,0.197893789,0.00269632,0.985939353,0.972268627,0.982995138,1,0.968346796,0.938635961,0.959572878,0.971689373,0.028121419,0,0,0,0,542.8914982,367.995629,1.475266159,0.095714134,0,0,0,0
128,83835,10777,0.195594775,0.000963323,0.981366918,0.963415518,0.976787258,1,0.955211862,0.914263694,0.943398973,0.9757092,0.467165622,0,0,0,0,445.4354711,311.2714219,1.431019489,0.161997332,0,0,0,0
129,119791,10082,0.281428747,0.001941594,0.994902455,0.989856617,0.993479615,1,0.971414086,0.944417061,0.963420564,0.974915197,0.796072089,0,0,0,0,62.05574085,46.46670828,1.335488205,0.124047492,0,0,0,0
130,95015,10380,0.324957975,0.002521479,0.972730514,0.946908799,0.966346184,1,0.945105425,0.895924055,0.931178366,0.976132918,0.000414542,0,0,0,0,712.5775223,522.3915534,1.364067848,0.030696818,0,0,0,0
131,105767,10708,0.185922302,0.000705929,0.981442261,0.963560753,0.977568774,1,0.964029483,0.930556872,0.954121653,0.970395161,9.37E-05,0,0,0,0,529.62277,385.64845,1.373330478,0.075026795,0,0,0,0
132,129926,10111,0.274752692,0.003067121,0.994456624,0.988974368,0.992971971,1,0.974506713,0.950280928,0.967376694,0.97890943,0.776354184,0,0,0,0,59.66596167,39.63908093,1.505230703,0.134292566,0,0,0,0
133,85083,10577,0.123928098,0.000713757,0.994867512,0.98978744,0.993447661,1,0.975741433,0.952631948,0.968957544,0.980151798,0.251750222,0,0,0,0,512.5077101,363.0033572,1.411853913,0.199311469,0,0,0,0
134,81760,10132,0.187833852,0.004183003,0.982648469,0.96588882,0.978382075,1,0.941295631,0.88910149,0.926837788,0.979071717,0.811960965,0,0,0,0,53.67615778,39.18401232,1.369848431,0.070728504,0,0,0,0
135,87346,10597,0.33363006,0.002987736,0.964314996,0.931089079,0.956602576,1,0.93321698,0.874795496,0.917356166,0.979605061,0.391259892,0,0,0,0,353.2644856,225.8177622,1.564378649,0.350163786,0,0,0,0
136,106802,10856,0.085563991,0.000216336,0.984874669,0.970200071,0.980502665,1,0.955533415,0.914853026,0.943733038,0.974429952,0.422203865,0,0,0,0,626.2093862,452.4354059,1.384085724,0.094615517,0,0,0,0
137,132224,10151,0.112604048,0.00071275,0.990573889,0.981323821,0.987916773,1,0.962538305,0.927782019,0.952472378,0.977242537,0.834869353,0,0,0,0,57.57769837,40.83047311,1.410164859,0.127183314,0,0,0,0
138,82790,10059,0.206853636,0.001198265,0.999622042,0.999244371,0.999526565,1,0.977803141,0.956570284,0.971599573,0.984451323,0.805333405,0,0,0,0,43.32051606,32.26264646,1.342745274,0.133626038,0,0,0,0
139,90060,10180,0.131317175,0.001044106,0.988955463,0.978152225,0.985877301,1,0.958204328,0.919762246,0.94708778,0.976165548,0.792139146,0,0,0,0,36.21119711,25.25121914,1.434037577,0.288233299,0,0,0,0
140,130211,10106,0.130055544,0.000896951,0.992946472,0.985991752,0.9907538,1,0.960741227,0.924448513,0.950187909,0.975532682,0.833810455,0,0,0,0,56.01034451,39.3044553,1.425038055,0.092929606,0,0,0,0
141,98567,10554,0.148535428,0.000556262,0.987357662,0.97503099,0.984069189,1,0.962496056,0.927703516,0.952324145,0.974477535,0.374598898,0,0,0,0,732.6124397,531.0592605,1.379530486,0.066533599,0,0,0,0
142,106880,10302,0.141695196,0.000747894,0.983893661,0.968297927,0.979916538,1,0.960696942,0.924366512,0.950120378,0.975189248,0.427292727,0,0,0,0,545.4409895,410.9939077,1.327126702,0.216715349,0,0,0,0
143,103679,10110,0.19253831,0.002191047,0.9916281,0.983395215,0.989322886,1,0.963898087,0.930312042,0.954151881,0.977132227,0.784129793,0,0,0,0,54.12085652,39.982347,1.353618799,0.167926113,0,0,0,0
144,20120,10939,0.200090495,0.001169386,0.996661036,0.993344296,0.995864787,1,0.971745105,0.945043014,0.963881978,0.972787728,8.67E-13,0,0,0,0,740.3875042,406.8538108,1.819787562,0.280678118,0,0,0,0
145,90281,10147,0.156813756,0.001369241,0.99661622,0.993255262,0.99575176,1,0.971331087,0.944260174,0.963427281,0.977039897,0.806208526,0,0,0,0,34.71632981,24.90179494,1.394129616,0.165220983,0,0,0,0
146,105979,10067,0.115600518,0.001112051,0.999845907,0.999691861,0.999813624,1,0.97967501,0.960159773,0.974010551,0.988678765,0.794625763,0,0,0,0,59.49348057,45.07333483,1.319926311,0.222395196,0,0,0,0
147,121670,10158,0.096326228,0.000591878,0.985804284,0.972005963,0.982801765,1,0.968902875,0.939681482,0.960238121,0.969093986,0.820761504,0,0,0,0,50.30782222,36.34584633,1.384142269,0.030845157,0,0,0,0
148,110828,10134,0.208206791,0.001287753,0.986867034,0.974074546,0.984164931,1,0.97124319,0.944094057,0.963223413,0.971743555,0.8105404,0,0,0,0,66.66879314,49.59407462,1.344289487,0.249538896,0,0,0,0
149,91919,10117,0.278169446,0.004654806,0.999554376,0.999109149,0.999445282,1,0.979665102,0.960140738,0.973983507,0.985837856,0.835612624,0,0,0,0,58.69081507,43.77052587,1.340875256,0.081716037,0,0,0,0
150,85853,10103,0.149060727,0.001436042,0.9983448,0.99669507,0.99795538,1,0.977576402,0.956136384,0.971317733,0.98619403,0.83546281,0,0,0,0,61.4270913,45.85063558,1.339721697,0.209601757,0,0,0,0
151,98535,11254,0.359128418,0.00243153,0.992700005,0.985505817,0.990558666,1,0.963139289,0.928899397,0.953209816,0.977073226,0.385533773,0,0,0,0,430.1108455,268.4957368,1.601928025,0.461223095,0,0,0,0
152,109735,10671,0.303929239,0.001380392,0.983603151,0.96773534,0.980115535,1,0.961678534,0.926185739,0.951300754,0.974205141,0.593849525,0,0,0,0,558.7641201,485.418948,1.15109664,0,0,0,0,0
153,20189,10988,0.224318801,0.002684451,0.980522134,0.961788545,0.976857557,1,0.950936528,0.906462338,0.938278809,0.977271405,0.412106876,0,0,0,0,510.2493844,367.68879,1.387720807,0.058452186,0,0,0,0
154,20949,11422,0.139849702,0.003151199,0.977813607,0.956590319,0.971697957,1,0.944050447,0.894029876,0.929906255,0.976031692,0.356521565,0,0,0,0,472.6870002,314.4404011,1.503264207,0.113537118,0,0,0,0
155,97271,10366,0.213629243,0.000777892,0.979591045,0.959998479,0.974912915,1,0.956199648,0.916075231,0.944427665,0.971520718,0.016431595,0,0,0,0,584.197085,443.3471512,1.317696716,0.010477787,0,0,0,0
156,83999,10099,0.156928,0.001475093,0.999677534,0.999355275,0.999577684,1,0.959695788,0.922514566,0.948733733,0.970995686,0.787817651,0,0,0,0,43.57594469,28.8920614,1.508232455,0.375536481,0,0,0,0
157,106331,10587,0.219420657,0.002935708,0.966919201,0.935956995,0.958329961,1,0.923485789,0.85784821,0.905832101,0.977416834,0.000531256,0,0,0,0,453.219953,300.1065377,1.510196867,0.104340568,0,0,0,0
158,92182,10905,0.204993512,0.000776608,1,1,1,1,0.970671788,0.943014849,0.962478148,0.972879919,0.465351924,0,0,0,0,695.1606527,568.8689402,1.222004936,0,0,0,0,0
159,94848,10121,0.143033444,0.002475737,0.998102221,0.996211632,0.997697041,1,0.979575267,0.959968172,0.973874688,0.987309193,0.859590628,0,0,0,0,44.0399726,34.43914571,1.278776569,0.099601594,0,0,0,0
160,87990,9995,0.210160485,0.00320789,0.790625883,0.653747978,0.773287591,1,0.683094181,0.518711491,0.672244929,0.985858036,0.482730904,0,0,0,0,24.78562456,25.047689,0.98953738,0.361046058,0,0,0,0
161,88760,11150,0.198969665,0.000633925,0.984275852,0.969038546,0.98041427,1,0.965551641,0.933397624,0.956040005,0.970814027,1.50E-05,0,0,0,0,698.6839114,443.3414815,1.575949783,0.017398869,0,0,0,0
162,107055,11231,0.243972713,0.000964576,0.992768215,0.985640277,0.990796411,1,0.94661698,0.898644616,0.93296238,0.975610524,0.036994612,0,0,0,0,424.3134937,379.1610342,1.119085179,0.019273393,0,0,0,0
163,131867,10669,0.124673265,0.00168232,0.983050191,0.966665397,0.979113399,1,0.945296974,0.896268381,0.931384431,0.975766958,0.360053569,0,0,0,0,558.971973,382.4818925,1.46143382,0.08683068,0,0,0,0
164,20387,11165,0.244893328,0.000834306,0.99461562,0.989288913,0.993191699,1,0.96767965,0.9373831,0.958800919,0.974951366,0.102138705,0,0,0,0,564.3375397,425.9610028,1.32485729,0,0,0,0,0
165,93723,10956,0.384782397,0.005317381,0.99776,0.995530013,0.997152094,1,0.975262526,0.951719393,0.968360436,0.985278155,1.41E-10,0,0,0,0,30.52259142,42.45116876,0.719004737,47.50352858,0,0,0,0
166,20809,11307,10.24887489,0.001736077,0.829333333,0.708428246,0.83659013,1,0.781812136,0.641782897,0.747845195,0.932745599,3.56E-23,0,0,0,0,2978.091342,3158.292667,0.942943437,5.617408907,0,0,0,0
167,105168,10761,0.119634602,0.000765747,0.991773423,0.983681094,0.989578845,1,0.96737107,0.936804153,0.95832712,0.970751869,0.477674203,0,0,0,0,402.2381343,275.1590647,1.461838572,0.083240844,0,0,0,0
168,116019,10078,0.173590598,0.002051568,0.982487867,0.965578527,0.978164438,1,0.956134499,0.915955646,0.944603093,0.977294061,0.798316591,0,0,0,0,44.11611005,33.86100558,1.302858828,0.2066319,0,0,0,0
169,91717,10878,0.355643628,0.002386796,0.98324203,0.967036461,0.97894638,1,0.934220713,0.876561146,0.917784435,0.970525335,0.429577247,0,0,0,0,390.9158733,256.3381668,1.525000659,0.662841314,0,0,0,0
170,112061,10056,0.129977787,0.000609286,0.99730595,0.994626377,0.996657267,1,0.9783793,0.957673724,0.972337615,0.984994064,0.811475275,0,0,0,0,49.80540725,36.62045845,1.360043248,0.197122019,0,0,0,0
171,99352,10126,0.239552518,0.000826341,0.975191646,0.951584403,0.969846546,1,0.936778355,0.881075323,0.921504414,0.979204817,0.78432827,0,0,0,0,38.00366605,26.4339354,1.437684759,0.227469671,0,0,0,0
172,126554,10580,0.247678123,0.001788777,0.998083046,0.996173428,0.997497909,1,0.953018766,0.910253913,0.940723507,0.975731864,0.440762295,0,0,0,0,376.133447,269.0352316,1.398082492,0.151218644,0,0,0,0
173,127611,10445,0.447675165,0.003286755,0.98889608,0.978036045,0.98579241,1,0.956336901,0.916327214,0.944689574,0.973759498,2.04E-15,0,0,0,0,775.016563,455.6215441,1.701009474,0.023185718,0,0,0,0
174,20963,11414,0.254265517,0.000664092,0.991666667,0.983471074,0.989200158,1,0.944518965,0.894870617,0.930346685,0.974182297,0.15566657,0,0,0,0,572.0839448,480.1345904,1.191507457,0,0,0,0,0
175,90262,10131,0.1439241,0.000664358,0.99898992,0.997981878,0.998761322,1,0.980344037,0.961445893,0.974850649,0.98411635,0.829622457,0,0,0,0,46.13380812,34.44648084,1.339289442,0.064620355,0,0,0,0
176,19977,10781,0.226988599,0.004161451,0.9904482,0.981077147,0.988539231,1,0.959407396,0.921981756,0.948604532,0.977056416,0.568212098,0,0,0,0,717.5776758,611.1480326,1.174147076,0,0,0,0,0
177,108202,10740,0.199017493,0.000600411,0.988232122,0.976737988,0.985432284,1,0.959541352,0.922229206,0.948642739,0.973860833,0.000532534,0,0,0,0,534.2222283,347.3514044,1.537987817,0.018923266,0,0,0,0
178,88608,10165,0.14672269,0.00143943,0.989425163,0.979071639,0.986917417,1,0.964300424,0.931061908,0.954467535,0.970669989,0.768009374,0,0,0,0,69.77193912,50.68491249,1.376582018,0.069217838,0,0,0,0
179,21059,11445,0.132746088,0.001235653,0.975271092,0.951735708,0.970532934,1,0.926778036,0.863547399,0.908274005,0.961766302,1.74E-20,0,0,0,0,841.0479329,533.4174277,1.576716262,0.034230945,0,0,0,0
180,110168,10095,0.874968107,0.003816396,0.985554741,0.971520871,0.982601584,1,0.963529665,0.929625896,0.953695622,0.977140739,0.798868543,0,0,0,0,61.77006755,44.04926414,1.402295106,0.202247191,0,0,0,0
181,20011,10846,0.351976418,0.002498093,0.997170566,0.994357098,0.996489196,1,0.956182839,0.916044375,0.944542428,0.974717889,4.47E-05,0,0,0,0,595.7380121,518.5441824,1.148866446,0,0,0,0,0
182,104785,10779,0.133294305,0.000741765,0.993536129,0.987155284,0.991904405,1,0.949780812,0.904364369,0.93654746,0.971254714,0.442099472,0,0,0,0,618.3743792,401.99616,1.538259418,0.048383975,0,0,0,0
183,86972,10876,0.13886726,0.001468888,0.99176683,0.983668122,0.990090324,1,0.971362808,0.944320131,0.963456651,0.976492769,0.437780065,0,0,0,0,652.6302072,447.011147,1.459986427,0.045840018,0,0,0,0
184,86722,10885,0.324269938,0.004927701,0.97885325,0.958582349,0.973417042,1,0.952893253,0.910024938,0.940732128,0.978722643,0.389102874,0,0,0,0,499.0426753,378.7202421,1.317707954,0.27578599,0,0,0,0
185,87563,10329,0.186898539,0.002127423,0.991710016,0.98355635,0.989593378,1,0.966249268,0.934702379,0.956978139,0.973615787,0.439679449,0,0,0,0,603.5960528,438.3003651,1.377128793,0.153315447,0,0,0,0
186,130759,10137,0.165593654,0.001245836,0.999214394,0.998430021,0.999019595,1,0.977975597,0.956900437,0.971863856,0.99035787,0.820795783,0,0,0,0,61.44887369,44.64655534,1.376340755,0.04503693,0,0,0,0
187,97994,10584,0.153956834,0.000609676,0.996317526,0.992662075,0.995292326,1,0.965252237,0.932838197,0.955746279,0.974179144,0.624099307,0,0,0,0,566.569955,485.7098152,1.166478291,0,0,0,0,0
188,87646,10496,0.221944373,0.001108445,0.991976851,0.98408142,0.989983365,1,0.957771338,0.918964689,0.946509254,0.975080509,0.466804813,0,0,0,0,549.0324572,405.5786787,1.353701479,0.009752292,0,0,0,0
189,92554,10133,0.102624705,0.00118359,0.999428185,0.998857024,0.999267032,1,0.974785367,0.950811016,0.96773996,0.977306649,0.807236342,0,0,0,0,56.69672989,38.27442899,1.481321378,0.197458791,0,0,0,0
190,97092,10279,0.127008526,0.00034327,0.999938983,0.999877974,0.9999249,1,0.979350946,0.959537406,0.973605665,0.989632802,0.122517529,0,0,0,0,545.817047,408.8157777,1.335117373,0.073099415,0,0,0,0
191,93549,10474,0.199777151,0.001326245,0.989544773,0.979305908,0.986831577,1,0.961147929,0.925201919,0.95039713,0.965473868,0.38819119,0,0,0,0,503.2225531,329.7223564,1.526200888,0.065475634,0,0,0,0
192,112694,10632,0.187344349,0.001441256,0.988223145,0.976720449,0.985528398,1,0.96394221,0.930394249,0.954171414,0.976070523,0.100630538,0,0,0,0,368.2874734,254.8115259,1.445332867,0.138622308,0,0,0,0
193,82492,10046,0.112007862,0.001142093,0.993466287,0.987017398,0.991857472,1,0.955667457,0.915098799,0.943625855,0.967698046,0.781936058,0,0,0,0,42.98688487,29.42196906,1.461047178,0.060289389,0,0,0,0
194,21085,11456,0.124307049,0.000376523,0.99344139,0.986968249,0.991482777,1,0.947937134,0.901027081,0.934433965,0.973571885,0.377240539,0,0,0,0,597.1617905,400.8910479,1.489586244,0.100485681,0,0,0,0
195,92927,10417,0.102760525,0.000590382,0.999981964,0.999963929,0.999977126,1,0.969054082,0.939965972,0.960590469,0.977811641,0.460774151,0,0,0,0,388.3122159,271.1116844,1.432296128,0.311438279,0,0,0,0
196,93734,10092,0.166930693,0.002190697,0.990281386,0.980749856,0.987773082,1,0.957462926,0.918397004,0.946254547,0.977856271,0.802300555,0,0,0,0,49.20494153,38.81175674,1.267784446,0.100289726,0,0,0,0
197,127542,10115,0.298566521,0.00057774,0.989845437,0.979895031,0.987715623,1,0.97448785,0.950245055,0.967372819,0.97500848,0.836410254,0,0,0,0,71.5567753,53.79579247,1.330155613,0.063965885,0,0,0,0
198,20974,11415,0.403993606,0.000797104,0.988775884,0.977800933,0.986623001,1,0.951000846,0.90657923,0.938140215,0.973312026,1.94E-07,0,0,0,0,194.8625482,199.2636659,0.977913095,66.31288766,0,0,0,0
199,99604,10633,0.219567089,0.000684804,0.984841763,0.970136208,0.981080448,1,0.951069478,0.90670398,0.937993485,0.968567284,1.41E-05,0,0,0,0,777.7492619,553.1881905,1.405939742,0,0,0,0,0
200,94276,10957,0.101319491,0.000830019,0.981178146,0.963051728,0.976005033,1,0.951711154,0.907871106,0.939177075,0.976546118,0.363233586,0,0,0,0,511.5557355,328.0267214,1.559494097,0.111263266,0,0,0,0
201,87804,10026,0.156969769,0.001543304,0.99600039,0.992032647,0.995040632,1,0.968106594,0.938184689,0.959226834,0.968846611,0.783442526,0,0,0,0,61.09308481,41.82621738,1.460640924,0.14968566,0,0,0,0
202,89377,10624,0.1240896,0.000902066,0.980870687,0.962459499,0.976340102,1,0.962397947,0.927521244,0.95234198,0.978384015,0.480608614,0,0,0,0,441.8363666,306.0119178,1.443853461,0.06976976,0,0,0,0
203,86924,10035,0.201705217,0.001892078,0.946052689,0.897628068,0.936593238,1,0.925864726,0.861962872,0.908493639,0.97647662,0.734082027,0,0,0,0,40.2711706,31.05575854,1.296737626,0.054507795,0,0,0,0
204,122801,10670,0.16433912,0.00087402,0.992319456,0.984755994,0.990176107,1,0.967969451,0.937927131,0.959132068,0.973488406,0.412013968,0,0,0,0,547.0742785,385.0676338,1.420722571,0.363009347,0,0,0,0
205,131224,10434,0.107208143,0.000458946,0.990577853,0.981331603,0.988320454,1,0.968141642,0.938250521,0.959364757,0.974271226,0.000455627,0,0,0,0,478.2725129,311.933498,1.533251529,0.117347937,0,0,0,0
206,139272,10109,0.187863477,0.001310427,0.992129914,0.984382737,0.990225894,1,0.970142326,0.942015922,0.961787648,0.974877035,0.813222785,0,0,0,0,58.27984343,40.9186257,1.424286433,0,0,0,0,0
207,106039,10626,0.176243767,0.001047001,0.983183432,0.966923104,0.978893154,1,0.946881743,0.899121951,0.933387059,0.977280009,0.000182713,0,0,0,0,555.5129621,387.5891635,1.433252047,0.028571429,0,0,0,0
208,95116,10891,0.161127412,0.001863366,0.981532148,0.96373405,0.9768361,1,0.948340186,0.901755656,0.935302467,0.979793732,0.203649378,0,0,0,0,547.8806893,441.3457197,1.241386661,0,0,0,0,0
209,90077,10627,0.210378465,0.004196358,0.958592905,0.920478561,0.949255641,1,0.900092175,0.818334186,0.879281667,0.977122057,0.319751068,0,0,0,0,466.6158927,314.3202851,1.484523637,0.029066951,0,0,0,0
210,20941,11403,0.209626276,0.000967119,0.99393427,0.987941682,0.992374889,1,0.969988107,0.941725152,0.961595319,0.973482022,1.77E-06,0,0,0,0,760.9354099,484.7445668,1.569765732,0.181340103,0,0,0,0
211,20325,11128,0.106910771,0.001221042,0.979531739,0.959884572,0.975227051,1,0.931822958,0.872348797,0.915237912,0.974069638,0.391453105,0,0,0,0,431.9809403,264.692169,1.632012545,0.155827966,0,0,0,0
212,105860,10641,0.103126299,0.000719679,0.990736511,0.981643072,0.988360117,1,0.954859419,0.913618164,0.942981052,0.975975311,0.351015777,0,0,0,0,550.3716078,359.7993665,1.529662526,0.017992083,0,0,0,0
213,129720,10607,0.096466603,0.00085124,0.979901498,0.960594979,0.975725891,1,0.961766206,0.926348393,0.951496993,0.976673122,0.0502681,0,0,0,0,435.7530181,313.2786331,1.390943946,0.078475336,0,0,0,0
214,126903,10112,0.143234773,0.000552468,0.999871151,0.999742334,0.99983748,1,0.976897285,0.954837935,0.970447552,0.978413331,0.820972133,0,0,0,0,53.37946453,41.94141716,1.272714852,0.057814608,0,0,0,0