sub,ses,task,acq,space,res,desc,meanFD,relMeansRMSMotion,relMaxRMSMotion,meanDVInit,meanDVFinal,nVolCensored,nVolsRemoved,motionDVCorrInit,motionDVCorrFinal,coregDice,coregJaccard,coregCrossCorr,coregCoverag,normDice,normJaccard,normCrossCorr,normCoverage
102041,10603,rest,singleband,MNI152NLin6Asym,2,preproc,0.0916197312116127,0.0528889693495934,0.23487,202.66689241978665,62.60704218358741,0.0,0,0.5533484664464462,-0.3059865209917218,0.8656882646039744,0.763183732998878,0.8385515593481336,0.9930401343053136,0.8697340963263186,0.7694951192453375,0.8390107428006742,0.9940595318860244
103679,10110,rest,singleband,MNI152NLin6Asym,2,preproc,0.2229980167145157,0.1210094577235772,0.34871,205.1124956111501,52.497300347940296,0.0,0,0.5320843580529007,-0.1075528352305269,0.8554019497859268,0.7473382901761378,0.8205201467103076,0.9849993106140422,0.8573266843031884,0.7502815306231103,0.8231035017687754,0.9859311397557666
104059,10762,rest,singleband,MNI152NLin6Asym,2,preproc,0.4278555759354838,0.271623137398374,2.55991,261.2178406625671,66.87856293266528,0.0,0,0.819121557098727,0.2296499498180394,0.859782320650586,0.7540510344841881,0.8353517146687615,0.9986493729672824,0.8570628469559393,0.7498774929778654,0.8236983336239002,0.992757801899593
104235,10585,rest,singleband,MNI152NLin6Asym,2,preproc,0.0620950327514513,0.0341507049593495,0.138558,160.6888391343477,51.109931927864935,0.0,0,0.4714981772045996,-0.1001721337665608,0.8876031947325546,0.7979195827689873,0.8631437291681263,0.9927546532722727,0.8806215539225587,0.7867058339460247,0.8514906524822389,0.9890731004070556
104785,10779,rest,singleband,MNI152NLin6Asym,2,preproc,0.0421604699833867,0.0228654415447154,0.109092,136.06780877940795,35.99426754034939,0.0,0,0.2076498211682237,-0.1991472324141158,0.8846459197612946,0.7931525382253183,0.8589033007915338,0.9870519121659233,0.878073107970502,0.7826473491353083,0.8476041599300067,0.98172065807327
105168,10761,rest,singleband,MNI152NLin6Asym,2,preproc,0.1061190895322581,0.0630956894308943,0.272622,129.2191631571592,38.97783090293869,0.0,0,0.7432042192752186,-0.0684139514990915,0.8865513269984995,0.7962210998093352,0.8603995633494486,0.9859440782609764,0.8863465451227845,0.7958908053856911,0.8579272711541529,0.9845234056987788
105176,10571,rest,singleband,MNI152NLin6Asym,2,preproc,0.0571841161935479,0.0321193747154471,0.0934298,139.20848255724036,43.512358419959945,0.0,0,0.4444531824977111,-0.0972743220681216,0.8493179120120138,0.7380995332056313,0.8177081232840581,0.989901660442631,0.8456280694648373,0.7325438596491228,0.8098954434156228,0.9914687924016282
105309,10776,rest,singleband,MNI152NLin6Asym,2,preproc,0.0770499762258062,0.0409437592682926,0.208927,147.38720456494377,53.02892998044295,0.0,0,0.4029952724029939,-0.2381140319827401,0.8338960668413747,0.7151129870410443,0.8062507701611628,0.9934148445526422,0.8371604990965612,0.7199278132933655,0.8008465796818408,0.9979901628222524
105767,10708,rest,singleband,MNI152NLin6Asym,2,preproc,0.1039833045693548,0.0591787361788617,0.454322,142.95908484388346,41.48439384442245,0.0,0,0.6872826522905475,-0.2206390498479496,0.8608607196283757,0.7557115573677127,0.8388807348469952,0.9978666020270932,0.8616561107029594,0.7569383196101279,0.8297711404221296,0.9970954884667572
105860,10641,rest,singleband,MNI152NLin6Asym,2,preproc,0.0560974959983862,0.0297327582926829,0.206322,147.65709868193088,42.54152699990525,0.0,0,0.4168274107114119,-0.2718008026724991,0.8903908030483781,0.8024363942679168,0.8655352499854841,0.9907708781680924,0.8868166750032808,0.7966492626054154,0.858917782114214,0.9885558005427408
105979,10067,rest,singleband,MNI152NLin6Asym,2,preproc,0.1284923240806454,0.0686558943089431,0.352792,149.709561823679,40.23891949960295,0.0,0,0.6466900195018164,0.0242804875724494,0.8204760131275254,0.6955992605992098,0.7959142420444297,0.9944683973947344,0.818264008178537,0.69242539267786,0.7785266084034891,0.9977866350067842
106039,10626,rest,singleband,MNI152NLin6Asym,2,preproc,0.0451583858560474,0.0251205407317073,0.0815268999999999,145.7541032604291,44.95619878176731,0.0,0,0.1871424752209443,-0.0889061104048208,0.8498630681624977,0.7389233791534059,0.8187860050028566,0.9983493411191664,0.8547380762949626,0.7463254113345521,0.8212878513122829,0.995327340569878
106246,10593,rest,singleband,MNI152NLin6Asym,2,preproc,0.0989756480322571,0.0578615951219512,0.344187,163.14426563916743,52.05097664983707,0.0,0,0.7254391681364298,-0.4951266985668145,0.8517277668216454,0.7417472461770757,0.8124249997988733,0.9901204868821448,0.84919691311198,0.7379167841896933,0.8135588818300364,0.9872922320217096
106331,10587,rest,singleband,MNI152NLin6Asym,2,preproc,0.2273753897129031,0.1224932238211382,3.03443,218.76340409681217,65.14304115910392,0.0,0,0.9301463386480278,-0.4111725153732578,0.8404472243605684,0.7248029085154029,0.8013133888163151,0.9914956094055292,0.8401715364190421,0.7243929277481442,0.8029179001851199,0.98814026458616
106802,10856,rest,singleband,MNI152NLin6Asym,2,preproc,0.0598174687816267,0.0342112421951219,0.0951197,164.21386819859526,44.44209005050571,0.0,0,0.3646272929110554,0.01475241527457,0.8577920477719404,0.7509946381468274,0.8209267793623082,0.990659006153452,0.8593659847348378,0.7534107989362933,0.8267087337862131,0.9946785956580732
106880,10302,rest,singleband,MNI152NLin6Asym,2,preproc,0.1142468459274193,0.0666991292682926,0.241711,155.68573793125046,48.5074808825281,0.0,0,0.465716942548822,-0.2127815737915014,0.8606592514801217,0.7554010971679959,0.8323179644966416,0.9895620199673038,0.8663811578994044,0.7642614304945744,0.8350156112043023,0.9941782564450476
107055,11231,rest,singleband,MNI152NLin6Asym,2,preproc,0.112931087308064,0.0675127482926829,1.24541,171.280986061724,50.62012799231896,0.0,0,0.8010395488392469,-0.3481306319463626,0.8499238552077489,0.7390152896017842,0.8136997718909201,0.9889359694628624,0.8533668606181106,0.7442370461036312,0.8189133930497123,0.9900271370420624
108202,10740,rest,singleband,MNI152NLin6Asym,2,preproc,0.1264194872370961,0.0732553138211382,0.429364,218.9000565720752,70.39108031048116,0.0,0,0.5502162842830391,-0.3498229538766821,0.8866908958717391,0.7964462812563025,0.864348865849688,0.993461220545544,0.8824647020162723,0.7896526432842228,0.8538888565046509,0.990625
109521,10682,rest,singleband,MNI152NLin6Asym,2,preproc,0.0762144056193548,0.0418373723577235,0.4255350000000001,134.07340516101488,37.23968253483495,0.0,0,0.6866809046617933,-0.2939736747091392,0.906426736722194,0.8288669512688421,0.8917053823248817,0.9914482818188216,0.9041057694541906,0.8249936392163515,0.8800386121007766,0.9899084124830394
109735,10671,rest,singleband,MNI152NLin6Asym,2,preproc,0.1384278717741933,0.073288756910569,0.240471,158.59144531228168,41.76459997267926,0.0,0,0.5580108137287633,0.0716485771428145,0.8139504920710704,0.6862702497911612,0.784683607603737,0.993378138670398,0.8201697850912154,0.6951591633501475,0.7806176673162449,0.996891960651289
110168,10095,rest,singleband,MNI152NLin6Asym,2,preproc,0.3608019413467738,0.2162199170731707,2.32438,216.37386149367836,54.25099499609314,0.0,0,0.9199765660356096,-0.0084393901851539,0.84709121004695,0.7347426070725388,0.8221191613669845,0.9801806183635134,0.8514985048951589,0.7413995615368613,0.8156388232788858,0.9822506784260516
110354,10910,rest,singleband,MNI152NLin6Asym,2,preproc,0.147606435556451,0.0824178341463414,0.185066,171.24532356394167,46.16695219594085,0.0,0,0.4395501555316398,-0.0528250448286057,0.8385594953950178,0.7219995273715897,0.8159263451887062,0.997317652621905,0.8416591010427131,0.7266074277445924,0.8059337923563695,0.9964849050203528
112028,11225,rest,singleband,MNI152NLin6Asym,2,preproc,0.1292297887629026,0.0771713268292682,0.506817,133.2446022063177,45.08991967414561,0.0,0,0.5258788576815956,-0.1328096078055333,0.9055075005612128,0.8273309328529174,0.8876632165884909,0.987148369073652,0.9056588366585916,0.8275836338763836,0.8817235060306855,0.9875805630936229
112061,10056,rest,singleband,MNI152NLin6Asym,2,preproc,0.0817007299870966,0.0431182373983739,0.124737,194.10068528258992,54.78035558299424,0.0,0,0.4655080827443669,-0.0662078400914508,0.8695617370183159,0.7692253221549039,0.8457903574360379,0.9948005795358246,0.8667876105704726,0.7648942234092797,0.8357065332960478,0.9957343962008142
112126,9968,rest,singleband,MNI152NLin6Asym,2,preproc,0.3464614925806453,0.1918533528455284,0.8332959999999999,210.84632541701728,52.49368484315384,0.0,0,0.7344817452818392,-0.114892419437801,0.8563423700268845,0.7487751120473135,0.8344838891955106,0.9937677365322858,0.8549255968078102,0.7466113943552358,0.8216918220084157,0.9965951492537314
112249,10594,rest,singleband,MNI152NLin6Asym,2,preproc,0.1612412586612903,0.0931609268292682,0.5760390000000001,252.69531394168695,70.79966098079318,0.0,0,0.8319995351985228,-0.0829420627832834,0.8657122038731015,0.7632209451861633,0.8302445085295388,0.9940177585761908,0.8662033770884602,0.7639847919674412,0.8344889876707663,0.9917613636363636
112332,10640,rest,singleband,MNI152NLin6Asym,2,preproc,0.126480990709677,0.0749300739837398,0.177874,215.012204988711,60.48474766950596,0.0,0,0.3802482607985548,0.0245878275914588,0.843758870217802,0.7297429995218572,0.816604837474706,0.9892270022535992,0.8468769093387226,0.7344202160179336,0.811639174342097,0.993245420624152
112694,10632,rest,singleband,MNI152NLin6Asym,2,preproc,0.1561132162961291,0.0923768178861788,0.418373,181.79792801432703,52.18150966016223,0.0,0,0.6160640047933831,-0.1153307134502049,0.8594853420175981,0.7535942971027207,0.8351446940317114,0.9967384241073964,0.8610721919110335,0.7560375519813205,0.8290281026993661,0.9967520352781548
113111,9958,rest,singleband,MNI152NLin6Asym,2,preproc,0.076592257253226,0.0421941276422764,0.115486,141.3504366917576,45.16808338180683,0.0,0,0.4692109140130881,-0.1661382541929501,0.821933532185864,0.6976970779169489,0.7948161998493054,0.9931796221443928,0.8209429818823706,0.6962708073210999,0.781687454100326,0.9978247964721846
114709,10275,rest,singleband,MNI152NLin6Asym,2,preproc,0.0521586401919354,0.0306894176422764,0.0745021,121.9739705925992,43.27363167202535,0.0,0,0.2881737647351686,-0.0897510504360365,0.8608829180448918,0.7557457715999897,0.8369482266907833,0.996325676108384,0.8599459174251418,0.7543027392901565,0.8274630523377774,0.9951365332428764
114713,10107,rest,singleband,MNI152NLin6Asym,2,preproc,0.1100419043070964,0.0599909430894308,0.285969,159.87472192940763,49.98038723142104,0.0,0,0.7989479842252314,-0.0956800882724174,0.8643324993806382,0.7610788359350382,0.8333458410700396,0.9918679368197576,0.8658735174926572,0.7634717386885912,0.8335565193027137,0.9875084803256444
114723,11256,rest,singleband,MNI152NLin6Asym,2,preproc,0.0445124507645981,0.0238630957723577,0.0741562,141.6648529388865,44.78785027301137,0.0,0,0.2891378870374675,0.0475813426963832,0.8782393290963786,0.7829114996418292,0.8550193996169664,0.9910213494920536,0.8761049645922948,0.779525611370352,0.8460191982773427,0.9888314111261872
114935,10916,rest,singleband,MNI152NLin6Asym,2,preproc,0.0965457494241933,0.0564461949593495,0.8372569999999999,121.23046036322074,40.14377910829149,0.0,0,0.8466171048126551,-0.2930555284624759,0.8931643619830749,0.8069530211218382,0.8706210464109145,0.99124855874944,0.8898441329094491,0.8015488268701535,0.8626523121972747,0.9892215061058344
114990,10096,rest,singleband,MNI152NLin6Asym,2,preproc,0.1485178270169357,0.0871320439837398,1.05567,164.45314150459092,49.44904384723512,0.0,0,0.9255193013089116,-0.2559923406685684,0.8836422720410834,0.7915404264336338,0.8535460223465897,0.9825254798631315,0.8832234303819898,0.7908685178487345,0.853961197032239,0.982797659430122
115800,11253,rest,singleband,MNI152NLin6Asym,2,preproc,0.1173166720796479,0.0636946525203252,0.336919,157.89034081952147,44.70971488950245,0.0,0,0.6958317801403148,0.0328199341209491,0.8814788391036597,0.7880752460662219,0.8588288356140878,0.9903958426063324,0.8784672758974705,0.7832738688926226,0.849270285694028,0.992304104477612
116019,10078,rest,singleband,MNI152NLin6Asym,2,preproc,0.1587855920463996,0.0947709830894308,0.341287,164.0661450012331,47.47710613551788,0.0,0,0.6587955132789417,-0.0897718237195781,0.8679413062641086,0.7666928499968736,0.8412944624173901,0.9974661373115888,0.8685018687073432,0.7675680981595092,0.8376181323820999,0.99469131614654
116051,10098,rest,singleband,MNI152NLin6Asym,2,preproc,0.0520116165359348,0.0297544080487804,0.0894096,119.72615498922993,40.21253709289325,0.0,0,0.3517639577323625,0.1104523615371973,0.8372929679756728,0.720123767134965,0.812064122348977,0.998087370468368,0.8377604997744668,0.7208157179410086,0.8012761826080733,0.9962135345997286
116210,10102,rest,singleband,MNI152NLin6Asym,2,preproc,0.0651545328427414,0.0368186552845528,0.103321,181.03097316787145,53.06053663284918,0.0,0,0.3034887309068271,-0.032052866364237,0.8737257838341058,0.7757664796842074,0.8468568263183698,0.9901676108866576,0.871045239365373,0.771550171661198,0.8400809062754143,0.9900568181818182
116354,10643,rest,singleband,MNI152NLin6Asym,2,preproc,0.9555377450406504,0.5847974467213114,6.09983,340.8563046266556,95.66071344660956,1.0,0,0.811158071568511,0.1247636393727835,0.8943923306076306,0.808959955116067,0.8736994395220136,0.9882658551463684,0.8975985177795197,0.8142210730446025,0.8719458656568279,0.9880681818181818
116360,10097,rest,singleband,MNI152NLin6Asym,2,preproc,0.0947560105625799,0.0539261659349593,0.109726,149.14117766720986,46.28858767896011,0.0,0,0.1695409321764444,-0.1013533102860641,0.9175320086734878,0.8476296906932987,0.902961140381992,0.9894024874401534,0.9127893669247586,0.8395699408704995,0.8899266794489316,0.980745420624152
117226,10074,rest,singleband,MNI152NLin6Asym,2,preproc,0.1602661869308296,0.0974018211382113,0.571626,209.70410229429547,64.93292582735661,0.0,0,0.6701266450862408,-0.189240919874987,0.865693002053051,0.7631910969604536,0.8477797977812912,0.9985426373651272,0.8666264978100603,0.7646433379071749,0.835700470741203,0.9971294097693352
117397,10582,rest,singleband,MNI152NLin6Asym,2,preproc,0.1877754696774196,0.1104293113821137,0.589375,199.5453401401604,51.380175896259104,0.0,0,0.8712638111745631,-0.1312483306930219,0.8322647022660041,0.7127169178503242,0.8057837467839816,0.9929514417472832,0.8364254390266956,0.7188412905203464,0.7994027199778598,0.9943351424694707
118393,10094,rest,singleband,MNI152NLin6Asym,2,preproc,0.1426332908106457,0.0786210471544715,0.376775,198.29124244948545,50.6927302015102,0.0,0,0.5593232541779023,-0.1013392113439116,0.8582002786205837,0.7516206761583247,0.8196448973664121,0.988766003550683,0.857501172837454,0.7505488429840246,0.8231021995409973,0.984290196743555
119302,10122,rest,singleband,MNI152NLin6Asym,2,preproc,0.1126999760117967,0.0674309609756097,0.7538369999999999,137.84177159191756,40.90134347053525,0.0,0,0.7926205522362364,-0.2031634981766038,0.8617335496774216,0.7570578483036295,0.833896559374051,0.990540147078666,0.8591800356506238,0.753125,0.8254802361546958,0.9871353459972864
119791,10082,rest,singleband,MNI152NLin6Asym,2,preproc,0.2181245939370966,0.1305769845528455,0.411364,244.3581376766149,60.82833544054504,0.0,0,0.4870942116364444,-0.0078526353295803,0.8753616940880945,0.7783495275650542,0.8466781864762823,0.9899006373413416,0.8739615759754552,0.776138324704633,0.8437751732894139,0.9916299185888738
120217,10702,rest,singleband,MNI152NLin6Asym,2,preproc,0.0767666770888306,0.0489781967479674,0.118692,177.28466037871644,43.09908372977632,0.0,0,0.1224619891265963,-0.1218554860725984,0.8498364490569907,0.7388831339336195,0.8200774648484481,0.9941447992735084,0.8523556547917164,0.7427001739262908,0.818013225508029,0.9922277815468112
120562,10666,rest,singleband,MNI152NLin6Asym,2,preproc,0.1891705565411292,0.1185111926829268,0.28456,235.38957837920933,55.73809972467156,0.0,0,0.4054636850288062,0.1754022405078993,0.8500033023121156,0.7391354288417368,0.813327299261983,0.9986683235673354,0.8514210765928849,0.7412821698549467,0.8179055990149767,0.9991562075983718
121001,10494,rest,singleband,MNI152NLin6Asym,2,preproc,0.0706725082483869,0.0405799499186991,0.373234,144.68298167624417,39.82126124454859,0.0,0,0.6180780346459612,-0.0354828065730817,0.8465880005347297,0.7339857751845947,0.8163196607286759,0.9941057217954288,0.8450944497554047,0.7317433443595658,0.8092569739327924,0.9914433514246948
121050,10890,rest,singleband,MNI152NLin6Asym,2,preproc,0.1008985074210482,0.0552268780487804,0.470375,163.1698590737015,46.480520216694856,0.0,0,0.6410795494989799,-0.2640792750306123,0.82415951606173,0.7009109886243696,0.7930056161313204,0.9944486152486376,0.8287480288353233,0.707574500823446,0.7909688905485242,0.998320895522388
121085,10015,rest,singleband,MNI152NLin6Asym,2,preproc,0.1371220653286931,0.0816775487804877,0.353513,180.07959774177007,55.04848465951923,0.0,0,0.6158828262781466,-0.0017297309625909,0.8984704721123327,0.8156571833669062,0.8735645514370354,0.9764966176292416,0.8981690474618017,0.8151604793755002,0.8719369998496398,0.9803044436906376
121407,10619,rest,singleband,MNI152NLin6Asym,2,preproc,0.0864723406709679,0.0503563934959349,0.182876,137.76182722283642,37.95249952064935,0.0,0,0.4154855741773179,0.0204966747747662,0.850263943118428,0.739529684251704,0.8221241226538442,0.9972879045373736,0.8493572689838772,0.7381589837479936,0.8153411378442235,0.9983675373134328
121476,10280,rest,singleband,MNI152NLin6Asym,2,preproc,0.5902298797516129,0.3466821723577236,2.64286,400.3859357633814,86.52582294839792,0.0,0,0.8400738214332288,0.1434116680223401,0.8807854488716993,0.786967474630993,0.8519188558307508,0.9832623737137888,0.8837215481020682,0.7916676583692329,0.8550346307258876,0.9872583107191316
122522,10540,rest,singleband,MNI152NLin6Asym,2,preproc,0.401408163930644,0.2377496308943089,1.11855,272.9534363696216,59.52211644437747,0.0,0,0.6591982744997354,-0.1261474049223563,0.8590009331496256,0.7528498121570077,0.8287254578967888,0.99482281362496,0.8565694441641732,0.7491224016993641,0.8227225672924929,0.9899126526458616
122528,10697,rest,singleband,MNI152NLin6Asym,2,preproc,0.1084469406725804,0.061499751707317,0.454003,172.3475166504682,56.84707679241495,0.0,0,0.8595346039658771,-0.0369668616422568,0.8760542168674699,0.7794452632989415,0.8516262904818943,0.9881060895350308,0.8717810053077131,0.7727054848473676,0.8395235004061847,0.977450814111262
122801,10670,rest,singleband,MNI152NLin6Asym,2,preproc,0.0591549081366124,0.0321328228455284,0.254263,145.69300492615153,43.6406817257039,0.0,0,0.8307139053294303,-0.2669634688198606,0.8695474685067079,0.7692029910871739,0.8402474072457148,0.9926667487643096,0.8704991253210258,0.7706936265706198,0.8396257878748539,0.9916765603799186
122916,10114,rest,singleband,MNI152NLin6Asym,2,preproc,0.1553485971225801,0.0848475886178861,0.447285,178.38961786887126,47.4348600381466,0.0,0,0.5834711015588505,-0.1181708145787724,0.8718733357566126,0.7728505702339383,0.8423317790606459,0.9896438340062932,0.8704517457232521,0.7706193537350063,0.83976198982471,0.993211499321574
125511,10565,rest,singleband,MNI152NLin6Asym,2,preproc,0.1195847758183872,0.063664587804878,0.384003,148.3601327037125,42.50957910054542,0.0,0,0.5835381994870283,0.1206206012684603,0.888350248686814,0.7991278256819744,0.8666627149690806,0.9937523795173834,0.883906625770818,0.7919647640425056,0.8556005475082555,0.9903790705563094
125535,10150,rest,singleband,MNI152NLin6Asym,2,preproc,0.0803291515813061,0.0470001631707317,0.184912,165.32275628673634,45.816544741087554,0.0,0,0.3509248852323162,-0.1362473763489389,0.8317124863697533,0.7119073658378441,0.8049918781947117,0.993246028633346,0.8326861477495472,0.7133352749513079,0.795400353615076,0.996993724559023
125554,10058,rest,singleband,MNI152NLin6Asym,2,preproc,0.0883847985306451,0.0509734868292682,0.253562,147.46995014316815,40.88464657242983,0.0,0,0.4630942321611283,-0.2410323149880266,0.8557293773776948,0.7478382827102863,0.8286400232884159,0.9887394714596994,0.8524498438448542,0.7428432119263336,0.8175928756297427,0.9883777137042062
126176,10625,rest,singleband,MNI152NLin6Asym,2,preproc,0.0542620557879034,0.0297742617886178,0.0939506,130.51612143728883,44.33971349512208,0.0,0,0.394088435148583,0.0886054163572522,0.842171517763028,0.7273715672773208,0.8208862626824441,0.9977905611334078,0.8450376331531013,0.7316581539016667,0.8100663035870153,0.9973371777476256
126389,10855,rest,singleband,MNI152NLin6Asym,2,preproc,0.0991892914963866,0.0560109131707317,0.224385,165.70322782603336,42.29589171242681,0.0,0,0.3511297547485787,-0.1501697689782079,0.8747598810663771,0.7773984115455971,0.8440266986542838,0.9923942003841626,0.865997936170015,0.7636652205421819,0.8336996267151743,0.9874575983717776
126554,10580,rest,singleband,MNI152NLin6Asym,2,preproc,0.1206732894967737,0.0632406573983739,0.210713,151.2207023966795,43.46310105862533,0.0,0,0.6289226988348565,0.0495176607400008,0.863459163357895,0.7597255949983933,0.8247768403750454,0.9857696211337118,0.8601193786378971,0.7545697001235934,0.8261740441537168,0.9837177747625508
126903,10112,rest,singleband,MNI152NLin6Asym,2,preproc,0.0686526229198385,0.0378028832845528,0.118013,145.243134882831,49.02043351530601,0.0,0,0.4614808518126764,0.1880934855764396,0.870652131775649,0.7709335239146079,0.8440047033529,0.9934748349614422,0.8725173785824434,0.7738632614003828,0.8423907706404378,0.9944326662143826
126921,11262,rest,singleband,MNI152NLin6Asym,2,preproc,0.0526810717908298,0.0327361296747967,0.161944,99.3114471389684,32.97083168268119,0.0,0,0.5678617502408467,-0.1963937210361027,0.8462268026125144,0.733442937076927,0.8161989203306591,0.9938224022549484,0.8453646943331126,0.7321486621655414,0.8098308160391672,0.9931690976933514
127008,10573,rest,singleband,MNI152NLin6Asym,2,preproc,0.1061569034758058,0.0605779951219512,0.129597,189.30498301175444,52.37072658013744,0.0,0,0.3181197530130439,-0.1017343746274588,0.8513342897914363,0.7411506082451605,0.8181805842957109,0.9926990163205838,0.8487915884831614,0.7373048876222064,0.813683026978295,0.9916256784260516
127236,10858,rest,singleband,MNI152NLin6Asym,2,preproc,0.2023523669032253,0.1167690837398374,0.918067,188.3865051492317,53.58063052939551,0.0,0,0.7518774454860494,-0.0766777200564704,0.8298269574822751,0.7091489269799218,0.7966726187628517,0.9954889801507548,0.8340308321115998,0.7153112235566664,0.7966749075760357,0.9950178086838536
127305,10152,rest,singleband,MNI152NLin6Asym,2,preproc,0.1166219932249986,0.0631947593495934,0.279485,132.1866923035142,41.30199359992704,0.0,0,0.7290464294489293,-0.2508960407012775,0.8758628934964622,0.7791424092570916,0.8580182869071976,0.9883073401058806,0.8766555299193959,0.7803977793708218,0.8471069668593822,0.992422829036635
127417,10576,rest,singleband,MNI152NLin6Asym,2,preproc,0.2278037864838709,0.138412572601626,1.13525,214.4944441494941,60.90701045301438,0.0,0,0.8671509074425122,-0.0366358459172657,0.8647587260113136,0.7617400334406198,0.8312772537414487,0.985532983381812,0.8630196806425058,0.7590453994227419,0.8297718851786918,0.9846251696065128
127611,10445,rest,singleband,MNI152NLin6Asym,2,preproc,0.239988698943548,0.1478432109756097,0.992685,229.593331408335,66.23979463335078,0.0,0,0.8356033888181416,0.1026531825310002,0.8838026578168607,0.7917978518818687,0.8536124872755341,0.982216207056117,0.8790660885309953,0.7842265092854253,0.8484072557725538,0.9778324287652644
128154,10572,rest,singleband,MNI152NLin6Asym,2,preproc,0.1957009460483872,0.1105716813008129,1.44638,220.6896320458917,56.57499098634054,0.0,0,0.8576915895354147,-0.2367091844185898,0.8508471565619872,0.7404125233823897,0.8233445579689558,0.989086590994948,0.8522891166447562,0.74259914147817,0.8177612965631791,0.990993894165536
129552,10976,rest,singleband,MNI152NLin6Asym,2,preproc,0.0625560000717738,0.0366657115447154,0.0792187999999999,144.77441915152383,41.61162413116558,0.0,0,0.3425948217319092,-0.0857111197246088,0.8323235277534119,0.7128032015169722,0.7985339319310478,0.9975813494206408,0.8371517910434465,0.719914933518829,0.800545917083834,0.9961499321573948
129720,10607,rest,singleband,MNI152NLin6Asym,2,preproc,0.0793298969370968,0.0464236842276422,0.320564,131.76505229236847,43.00677202377826,0.0,0,0.4908373690660224,-0.1917015494355431,0.8519752413676767,0.7421227068157141,0.8286920060090336,0.9985022495171344,0.8545602928533389,0.746054364556721,0.8212825403367372,0.9967689959294436
129886,10787,rest,singleband,MNI152NLin6Asym,2,preproc,0.0627361658145161,0.0357003341463414,0.15606,127.7341058620754,40.69210670125489,0.0,0,0.4187440952465558,-0.2310863422709302,0.8931022915293202,0.8068516943297812,0.8708333113152569,0.9866213915178396,0.8916387027278926,0.8044657504032202,0.8648825713728194,0.9897684871099052
129926,10111,rest,singleband,MNI152NLin6Asym,2,preproc,0.1349712124580646,0.0721972815447154,0.5065390000000001,146.56054239796487,45.70442381545988,0.0,0,0.6997554151345633,-0.1168897892330085,0.8733255791465186,0.7751357117746178,0.8455757742122543,0.9902133500831918,0.8725407668412309,0.773900058804485,0.8422755113975222,0.9932920624151969
130121,10786,rest,singleband,MNI152NLin6Asym,2,preproc,0.2475596932258066,0.1496332699186991,2.13733,197.37341455006523,45.36181297507995,0.0,0,0.8907640969426432,0.147778172677416,0.8474079308087737,0.735219296974167,0.8176397323815945,0.9942347759139464,0.8564676034918918,0.7489666284114049,0.8230780461285948,0.9934065468113976
130211,10106,rest,singleband,MNI152NLin6Asym,2,preproc,0.0525684750250802,0.0288843403252032,0.169296,146.51903724681725,48.178172068456064,0.0,0,0.4357286381854169,-0.1170624798425757,0.8598111699540237,0.7540954158613825,0.8208982230082017,0.9856142440327929,0.8592024505832344,0.7531594462334731,0.8252031514829431,0.9847566146540028
130687,10385,rest,singleband,MNI152NLin6Asym,2,preproc,0.1810120140080642,0.1165594896747967,0.329052,240.6922689077984,55.31990678653273,0.0,0,0.5052546926286882,-0.156954373048356,0.8882945902595786,0.7990377508975076,0.8617498009466764,0.9863560345600584,0.8845297850625199,0.7929658481397425,0.8559507252968626,0.9866816485753052
130896,9956,rest,singleband,MNI152NLin6Asym,2,preproc,0.0877523108088703,0.0473010227642276,0.133117,135.1651470485997,38.26921080103561,0.0,0,0.3368277492333122,-0.0412827393957187,0.8836444619073095,0.79154394075657,0.8610672490273238,0.987418905714514,0.8807554395779751,0.7869195622857219,0.8522984402500583,0.994640434192673
131224,10434,rest,singleband,MNI152NLin6Asym,2,preproc,0.0856695584066124,0.0504011057723577,0.150351,139.7957575269421,38.74058568717134,0.0,0,0.412072937831504,-0.0147762772290355,0.8385242724550487,0.7219473059738101,0.8093983915346925,0.995010267884203,0.839212665261476,0.722968488840822,0.8032326335896679,0.9977357530529172
131867,10669,rest,singleband,MNI152NLin6Asym,2,preproc,0.064765368385806,0.0362555559349593,0.137981,129.54756791867,44.88985589655167,0.0,0,0.341652518360554,-0.1477669501508373,0.8783057448266717,0.7830170661709885,0.8534278899297192,0.9921314101734572,0.8801207645394149,0.7859068519807298,0.8505868213822881,0.98638907734057
132179,10780,rest,singleband,MNI152NLin6Asym,2,preproc,0.1320510276290315,0.0742288715447154,0.270944,157.40109778100785,51.052692824938944,0.0,0,0.3127681797257399,-0.0374251443322931,0.8435991508920203,0.7295040915464155,0.8192234580454693,0.9950671897839192,0.8458842679313244,0.7329284615288393,0.810536174019476,0.993766960651289
132224,10151,rest,singleband,MNI152NLin6Asym,2,preproc,0.0523158899048389,0.0286806445528455,0.124322,154.0246512691021,53.89516691830801,0.0,0,0.4316459794873933,-0.1995221354821388,0.8485621084579253,0.736958645091556,0.8104503205097809,0.9864348438017286,0.8480880480261961,0.7362438132298178,0.8123846277147692,0.9883692333785618
132657,10616,rest,singleband,MNI152NLin6Asym,2,preproc,0.0844799299193548,0.0452690357723577,0.191298,186.3961235103352,55.95453019250589,0.0,0,0.405626740912728,-0.1101056219609037,0.8593398047226913,0.7533705552982631,0.8264186976476153,0.9916660474950462,0.8547429277259455,0.7463328089550619,0.8207905229276086,0.99173592265943
133220,10792,rest,singleband,MNI152NLin6Asym,2,preproc,0.0814151355911287,0.0466495008130081,0.128404,171.0454870011189,52.78177241151997,0.0,0,0.4073708624215169,-0.0424666190583596,0.8552244229535966,0.747067320531184,0.8160811607292239,0.9897770846947358,0.8520771330844972,0.7422773407886277,0.8165518782680311,0.9839297829036636
139272,10109,rest,singleband,MNI152NLin6Asym,2,preproc,0.1090909580354837,0.0662133866666666,0.332938,150.6572736745591,48.52371108254569,0.0,0,0.6648926338930291,-0.1288214336523743,0.862578392859458,0.7583629389879141,0.8377791995051973,0.99575699276437,0.8560463527529254,0.7483225870322644,0.822598331233105,0.9935676729986432
19977,10781,rest,singleband,MNI152NLin6Asym,2,preproc,0.1473955970620968,0.0828880609756097,0.293541,128.61226768066834,41.42479469194042,0.0,0,0.5996020060138301,-0.1191335898768356,0.8247085212630635,0.7017055225733128,0.8005452179624973,0.9968823360703626,0.8293586658103311,0.7084652161068808,0.7913955289895669,0.9965315468113976
19981,10852,rest,singleband,MNI152NLin6Asym,2,preproc,0.0725639136362089,0.0411782321138211,0.136771,126.37985979018258,42.768889718905626,0.0,0,0.4966224782847241,-0.1737682042847229,0.8493144016276553,0.738094230803808,0.8244606861695544,0.9938349799732976,0.855409180473556,0.7473493285814294,0.822161002587903,0.9958531207598372
20011,10846,rest,singleband,MNI152NLin6Asym,2,preproc,0.1215663175482254,0.0659371121951219,0.317284,146.16699750738354,46.973423480190434,0.0,0,0.3407724862138672,-0.1746641639293514,0.8786167262625334,0.7835115315517283,0.8547181290001282,0.9965456465794904,0.8742314579913446,0.7765641207485642,0.844340153624515,0.9935931139755768
20120,10943,rest,singleband,MNI152NLin6Asym,2,preproc,0.1199579426290324,0.0640673918699187,0.202437,149.91731070212302,44.964885907885495,0.0,0,0.6028024090665388,0.0205027065541141,0.8358923351005102,0.7180541459390546,0.8078250706803495,0.9922559027238026,0.8404470045585543,0.7248025815660052,0.8035882463721185,0.990472354138399
20151,10947,rest,singleband,MNI152NLin6Asym,2,preproc,0.1772303598064519,0.1054181333333333,1.55292,156.12469877839214,43.620383267884456,0.0,0,0.86243660546804,-0.2782280710477066,0.8440020407950771,0.7301068605480656,0.8108837384897114,0.992484020048327,0.8442935229736351,0.7305432129670192,0.8080856661851151,0.9899380936227952
20153,10963,rest,singleband,MNI152NLin6Asym,2,preproc,0.2152535916137096,0.127970123902439,1.47033,199.9319509597356,55.76440760151184,0.0,0,0.928433401600229,-0.4177835889604293,0.8640769984604325,0.7606827199460793,0.8381948199271378,0.9950279795937657,0.8605840897991882,0.755285301964511,0.828553148890779,0.99751526458616
20189,10988,rest,singleband,MNI152NLin6Asym,2,preproc,0.0723662580448383,0.0395732588617886,0.0999158,131.2886833226374,40.610948968021326,0.0,0,0.3627837580802429,-0.0854699723382082,0.844546440524676,0.7309220120522829,0.8227314854400577,0.9968474662827328,0.84655196329396,0.7339316001711713,0.8117041785287225,0.9962940976933514
20197,10999,rest,singleband,MNI152NLin6Asym,2,preproc,0.0927216093064512,0.0515149889430894,0.35594,136.97784354653157,41.17454597451117,0.0,0,0.5867598799334243,-0.2435510410191918,0.8533158344165973,0.7441594294471248,0.8267878969093148,0.99374082420946,0.8536514550856324,0.7446700734019778,0.8194019324161225,0.9911083785617368
20247,11123,rest,singleband,MNI152NLin6Asym,2,preproc,0.2029818020612905,0.1210517910569105,1.82503,176.11092578615418,44.08886836342117,0.0,0,0.9503941196036692,-0.3319810477637716,0.8687953017099834,0.768026602986441,0.8326372838046774,0.9851353094278672,0.8639109870251703,0.7604254395199495,0.8303014808041782,0.9800924355495252
20313,11136,rest,singleband,MNI152NLin6Asym,2,preproc,0.1276065667032255,0.0792758349593495,0.321042,146.10110889709077,50.065103803211656,0.0,0,0.6998277960432238,0.0096834530439686,0.8515956495684364,0.7415468682684908,0.8269250847623333,0.9956767469586788,0.8519435692350086,0.7420746458145161,0.8181081044184363,0.9963195386702848
20320,11108,rest,singleband,MNI152NLin6Asym,2,preproc,0.2366491370564513,0.1371772544715447,0.462066,201.61744034858896,56.572132933099454,0.0,0,0.6327785768525681,-0.1734400128577632,0.8603996712960194,0.7550012487926496,0.8385490349276561,0.9988807604103538,0.8610711553735282,0.7560359538140672,0.8291370659720227,0.997544945725916
20322,11139,rest,singleband,MNI152NLin6Asym,2,preproc,0.0968295508387089,0.0571132771544715,0.227115,138.29315829864993,46.08562788860733,0.0,0,0.5762131130901769,0.0451882060225268,0.860627081310743,0.755351533456504,0.8290513823762041,0.9898614960776934,0.8604663250909631,0.7551039026202097,0.8264642023782484,0.9826916553595658
20325,11128,rest,singleband,MNI152NLin6Asym,2,preproc,0.1520198834991397,0.0921707715447154,0.414512,131.5795118208367,38.54313929923237,0.0,0,0.7655525554257208,-0.1537619402187529,0.868156422262932,0.7670286242191395,0.8442624610123709,0.996697385810396,0.8650391575594,0.7621753325861312,0.83349169247394,0.9947803595658072
20326,11192,rest,singleband,MNI152NLin6Asym,2,preproc,0.0677798415548066,0.0384677390243902,0.225176,152.7905903820428,49.52217948045763,0.0,0,0.399028554736884,-0.1706281969973535,0.8756823922588175,0.7788567805302924,0.8453547213875696,0.9897697007949292,0.8699883369022663,0.769893236780709,0.838046175127048,0.9836541723202172
20327,11170,rest,singleband,MNI152NLin6Asym,2,preproc,0.0782462012338716,0.0426299266666666,0.328318,150.938536836839,40.13455701593046,0.0,0,0.8283050786764523,-0.3494533391531207,0.8589603235880475,0.752787428294417,0.8218449214973309,0.9858996735734477,0.8583238882592172,0.7518103246904929,0.8238749493768713,0.9825814111261872
20362,11149,rest,singleband,MNI152NLin6Asym,2,preproc,0.1421191372201612,0.0789710894308943,0.503659,177.99351925678408,54.5951272259373,0.0,0,0.7083950583983026,-0.1831477495873439,0.8564303540692195,0.7489096594306236,0.8263196855425876,0.9847915638310324,0.8577473580705214,0.750926131912136,0.8238203798533532,0.987567842605156
20386,11188,rest,singleband,MNI152NLin6Asym,2,preproc,0.1628106641129036,0.0918779650406503,0.541083,163.5217952457503,51.12906983951766,0.0,0,0.7176787035547298,-0.2195438171014742,0.8766201134225158,0.7803416492467632,0.8502176155897305,0.9916805334911292,0.8746586364277984,0.7772385026809517,0.8438646692792818,0.9852611940298508
20387,11165,rest,singleband,MNI152NLin6Asym,2,preproc,0.1147355179274197,0.0596463975609756,0.233774,151.95592332475007,44.50709089054804,0.0,0,0.4563024577724567,-0.0288426148716577,0.8309071190239116,0.710728063222982,0.796105607519181,0.98778368016635,0.8330091850931101,0.7138095471296172,0.7945092186948772,0.988861092265943
20461,11193,rest,singleband,MNI152NLin6Asym,2,preproc,0.0462461710532262,0.0255890483739837,0.0858919999999999,116.1628917395227,32.78024315320462,0.0,0,0.3175719284805279,-0.0701332442676824,0.860059572028288,0.7544776471859902,0.8316182731118325,0.99117663990789,0.8600432647634578,0.7544525491004691,0.8272768118751881,0.9929189280868386
20589,11245,rest,singleband,MNI152NLin6Asym,2,preproc,0.0650544587298985,0.0368538749593495,0.109022,160.79395369880277,45.378150967623085,0.0,0,0.3280543838520784,-0.0079492544993023,0.8496377466490105,0.7385827761420608,0.819564847952508,0.9874814082720828,0.8521010916704053,0.7423137050547159,0.8174792758289244,0.9905783582089552
20649,11287,rest,singleband,MNI152NLin6Asym,2,preproc,0.1198278018506447,0.0736226247154471,0.264047,205.1083479482678,54.14733918898728,0.0,0,0.4285237315619696,-0.181993551461879,0.8393931935852583,0.7232364905546678,0.8142653362091468,0.9974521799292064,0.8416675028310135,0.7266199514285272,0.8058513995263046,0.995882801899593
20699,11303,rest,singleband,MNI152NLin6Asym,2,preproc,0.0921147948483876,0.0511168170731707,0.168376,164.91527243811018,44.59567906964057,0.0,0,0.1882245935818799,0.0450138542039049,0.8710975037322604,0.7716321884415993,0.8389273636890339,0.9948904366277443,0.8677429888162436,0.7663834096368564,0.8363102650780382,0.991583276797829
20809,11307,rest,singleband,MNI152NLin6Asym,2,preproc,0.1913848441774192,0.106528656910569,0.614428,193.76352718973996,50.40570395388736,0.0,0,0.838128938702135,-0.1020945306818561,0.879897596139202,0.7855510291794289,0.8487560112270709,0.99111518240487,0.8780553832271164,0.7826191864556733,0.8485289141664817,0.9902137042062416
20888,11364,rest,singleband,MNI152NLin6Asym,2,preproc,0.0980213541370967,0.0542804260162601,0.271344,142.32901918956316,43.54956725057336,0.0,0,0.5478670705664215,-0.1359340512088324,0.8650414671176443,0.7621789184850424,0.8389487191787923,0.988540332350408,0.8656825857676127,0.7631749058119112,0.8337918246280435,0.9911889416553596
20940,11401,rest,singleband,MNI152NLin6Asym,2,preproc,0.0800684977767741,0.0442732776422764,0.149111,126.37044156885229,41.14222916592881,0.0,0,0.3466103236226848,0.0371803917345832,0.900490570501216,0.8189930402977156,0.8831685777569446,0.992757178725511,0.8942244278048697,0.8086852796265883,0.8682184578089741,0.9917401628222524
20941,11403,rest,singleband,MNI152NLin6Asym,2,preproc,0.2334908887499999,0.1305034195121951,0.587653,214.6883719812796,59.582826926830016,0.0,0,0.5225040286535191,-0.1021235993372472,0.8375762988633132,0.7205430326689669,0.8046474568401935,0.9889804098984226,0.8334510836598229,0.7144587526381794,0.795270259767107,0.9904087516960652
20949,11422,rest,singleband,MNI152NLin6Asym,2,preproc,0.3399545272741939,0.2109024861788617,1.7603799999999998,249.4085123098149,60.969955983728,0.0,0,0.8898113412214989,0.2378852443411014,0.8796602571123002,0.785172768079223,0.8488051144787384,0.9909289315878782,0.87405848700341,0.7762911988893487,0.8432607035857954,0.9863085142469472
20963,11414,rest,singleband,MNI152NLin6Asym,2,preproc,0.0969541684032255,0.053947485609756,0.209632,166.61526189797894,47.54545769687906,0.0,0,0.6252128112259744,0.0310039465864073,0.8675264475915531,0.7660456579728265,0.8318491379860886,0.9873897879114883,0.8656391726655553,0.7631074273779891,0.8330089313537331,0.9853417571234736
20974,11415,rest,singleband,MNI152NLin6Asym,2,preproc,0.2137203156935485,0.1197518642276422,0.432256,234.24668770455136,60.077709921306486,0.0,0,0.5737813845350205,0.0616348500213022,0.8368062907571481,0.7194040718306872,0.8138408370319898,0.9937819945448269,0.8392310064035273,0.7229957132153342,0.8033469948948982,0.9983251356852104
20981,11462,rest,singleband,MNI152NLin6Asym,2,preproc,0.0799336924774194,0.0456168268292682,0.154042,115.17861449643208,34.203898628413555,0.0,0,0.4939845907967135,0.0439028195294231,0.883012950981404,0.7905310556261457,0.8625217218571873,0.9915062939801218,0.8804228360205137,0.7863887049027427,0.8509868544609944,0.9867070895522388
21016,11431,rest,singleband,MNI152NLin6Asym,2,preproc,0.2239797283870965,0.1339365105691057,0.71635,159.28627948775232,46.65317063141735,0.0,0,0.8135816542207086,0.0440647561180067,0.83339076711375,0.7143701109341465,0.8047533508137025,0.9879911919168298,0.8468078382369234,0.7343163319305496,0.8108707745198506,0.9884625169606512
21056,11447,rest,singleband,MNI152NLin6Asym,2,preproc,0.1047920122499994,0.0547775894308943,0.143215,129.87165101856644,34.5575899033741,0.0,0,0.5308439160348515,0.1454064559277109,0.8878921102661597,0.7983866659543779,0.8664122622326648,0.9809254209153426,0.8888318917087605,0.7999076693045225,0.8609409887864521,0.9844894843962008
21059,11445,rest,singleband,MNI152NLin6Asym,2,preproc,0.1396893057903224,0.0797351845528455,0.438204,117.42244704859075,32.55852562502087,0.0,0,0.5872558859112834,-0.0831112760021512,0.9006996466525079,0.8193389949432629,0.8829273598404702,0.9898614332545572,0.8893937068303914,0.8008181767925259,0.8614544981761566,0.9827679782903664
21085,11456,rest,singleband,MNI152NLin6Asym,2,preproc,0.0416643222187092,0.0232269279674796,0.06977,116.2644125377866,37.23378367483264,0.0,0,0.2834668354549365,-0.0134883910227214,0.8581427572453446,0.7515324377810414,0.820375102990485,0.9947386592212316,0.849130599387371,0.7378166444736155,0.814400481001766,0.9938093622795116
80557,10863,rest,singleband,MNI152NLin6Asym,2,preproc,0.0776899013177418,0.0411963996747967,0.142766,122.42046172587648,38.89600192436554,0.0,0,0.4056055876934364,0.0054592303399973,0.866318283013281,0.7641635831579966,0.847584464703214,0.9977359634470192,0.8663146530282876,0.764157934423672,0.8352982350658057,0.9969046811397556
80688,10982,rest,singleband,MNI152NLin6Asym,2,preproc,0.0726224649403227,0.0409362823577235,0.257513,134.51785994239413,37.86868937006234,0.0,0,0.4105213876316013,-0.1951108450210642,0.8659598993556548,0.763606065485364,0.8396743471140649,0.988982426964388,0.869099581347489,0.7685023075533365,0.8379916840297318,0.9920242537313432
81725,10356,rest,singleband,MNI152NLin6Asym,2,preproc,0.0673845963112901,0.0364843365853658,0.196894,209.9408427358595,54.34077379449609,0.0,0,0.2905052308825633,-0.1598775464569759,0.829282449755664,0.7083539916033442,0.805405098383778,0.9992780612417196,0.8320273306671566,0.7123688357728594,0.794881094290832,0.99858802578019
81760,10132,rest,singleband,MNI152NLin6Asym,2,preproc,0.0926298248870961,0.05168571300813,0.357391,167.86401981466838,54.49127769998716,0.0,0,0.5555102121512844,-0.261344342161912,0.8538017970394776,0.7448989143711686,0.8211281145982134,0.987675474339243,0.8583663163012909,0.751875429533861,0.8246280355639115,0.9880766621438264
82051,9947,rest,singleband,MNI152NLin6Asym,2,preproc,0.1527755576774188,0.0926722234146341,1.20391,181.0968990487294,44.11812647280267,0.0,0,0.7579655332919172,-0.2583847765936798,0.8137187496157723,0.6859408334677926,0.7912713528068526,0.9940124865027238,0.8204594578550951,0.6955754622585095,0.7808560753100884,0.9962856173677068
82063,9980,rest,singleband,MNI152NLin6Asym,2,preproc,0.0622673376491933,0.0360099884552845,0.7716429999999999,155.15874631654887,48.13190233018967,0.0,0,0.7661988213109159,-0.1272802518098242,0.8230363087659492,0.6992877646913581,0.7871632108837154,0.9914997898845388,0.8276199009467906,0.7059313797762005,0.7890621129277525,0.9948142808683852
82492,10046,rest,singleband,MNI152NLin6Asym,2,preproc,0.0664770389314511,0.0372957301626016,0.14272,183.01975075389612,62.50934081789013,0.0,0,0.5141810366172771,-0.326653807269658,0.8744495040160063,0.7769082836674808,0.8505790140967598,0.994422323569552,0.8731939327384008,0.7749283200617345,0.8423997934712786,0.9878561736770692
82790,10059,rest,singleband,MNI152NLin6Asym,2,preproc,0.1419046615645164,0.0751812991869918,0.244776,133.91462940769443,40.30638270076397,0.0,0,0.625658118970228,-0.1822118643198918,0.8774916720830782,0.7817239750118117,0.852976529737799,0.9879864358919408,0.8761401607513772,0.779581341154727,0.8458801855806518,0.987262550881954
83010,10101,rest,singleband,MNI152NLin6Asym,2,preproc,0.3832545034193544,0.2326213341463414,3.5933900000000003,297.5568815616548,70.14675832810345,0.0,0,0.8246269740945449,0.146076745775585,0.8739978072596211,0.776195475368082,0.8440503465567846,0.9812198636173586,0.8743557053951705,0.7767602159811268,0.8430742687042995,0.981453527815468
83372,11230,rest,singleband,MNI152NLin6Asym,2,preproc,0.0354673894167254,0.0199714266666666,0.0701518999999999,127.44406675203592,38.7454208819058,0.0,0,0.227041066114075,0.0037294754970519,0.8711740091562238,0.7717522596242115,0.83597481755002,0.9750598642060604,0.8701640726317129,0.7701685276184971,0.8369505070755666,0.9715866689280868
83454,10161,rest,singleband,MNI152NLin6Asym,2,preproc,0.063040826040323,0.0354320039837398,0.197733,158.5175310004724,45.99071107333594,0.0,0,0.3075174571928202,-0.1267858662557847,0.856976471073189,0.7497452584180899,0.8282486261254867,0.9921973993893728,0.8565425819558323,0.7490813111527228,0.8232480562980388,0.9939874491180462
83835,10777,rest,singleband,MNI152NLin6Asym,2,preproc,0.191711658017903,0.1158505284552845,0.717784,201.79018198962936,50.37506773979782,0.0,0,0.8206150930119059,-0.3685699148741215,0.8837426031341142,0.7917014531015848,0.8596367936999195,0.9869620657513012,0.8846476789593635,0.7931553664890185,0.8559223610344703,0.9850576662143826
83999,10099,rest,singleband,MNI152NLin6Asym,2,preproc,0.1839379233227415,0.1032411429268292,2.1518200000000003,184.28381977451195,47.358976212045,0.0,0,0.7861629329419305,-0.0597738379954306,0.8736503425202506,0.7756475413461542,0.8393821538943291,0.9860503177752132,0.8689558068254798,0.7682775015064329,0.836832908260093,0.9839255427408412
84103,9970,rest,singleband,MNI152NLin6Asym,2,preproc,0.0428913241647203,0.0251769788617886,0.210822,135.07442364618407,44.78734753536303,0.0,0,0.60087566666189,-0.0997865544459731,0.8542713134385863,0.7456139690474577,0.8269570108149924,0.9916605365079324,0.8529532575071882,0.7436081075942147,0.8191113587609922,0.9949542062415196
84354,10315,rest,singleband,MNI152NLin6Asym,2,preproc,0.2266506509919355,0.1342882073170732,1.43015,167.63499828875774,49.89646596374934,0.0,0,0.8054645946361206,-0.205778029392722,0.8946254510021703,0.8093414597009386,0.8771451556217874,0.992218963329522,0.8898795286350581,0.8016062684988703,0.8627651120674394,0.989887211668928
84688,10471,rest,singleband,MNI152NLin6Asym,2,preproc,0.1547778212870963,0.0897399220325203,0.238846,196.9173722073101,68.46822698078086,0.0,0,0.4589335753768881,-0.1517892083902667,0.8690299167214834,0.7683933727073425,0.8499921669557532,0.9971115833591137,0.8700413234621319,0.769976231456438,0.8396098718947503,0.9958531207598372
84973,10075,rest,singleband,MNI152NLin6Asym,2,preproc,0.1957317190483868,0.1094061886178861,0.564285,155.70847378360466,48.28989165579938,0.0,0,0.7944351693491128,-0.0485307195188198,0.8566849578447819,0.7492991225147173,0.8343563110494753,0.9957004134274628,0.8587327540278875,0.7524379211430301,0.82545323903171,0.9909981343283584
85083,10577,rest,singleband,MNI152NLin6Asym,2,preproc,0.1583393875967741,0.0942201582113821,0.914337,175.66851806286644,53.203329548421706,0.0,0,0.9060235216128107,-0.2703074222586723,0.8539938669933442,0.7451913584029523,0.8228186748779144,0.9971041128521392,0.8490965255975402,0.737765194460278,0.8151014631152589,0.9988297150610584
85173,10069,rest,singleband,MNI152NLin6Asym,2,preproc,0.1627867186662905,0.0952558482926829,0.9893130000000002,165.873384127108,45.004911474658826,0.0,0,0.8742130562868614,-0.3375724226002504,0.8640966390135457,0.7607131633655322,0.8276725261232518,0.9807460052410396,0.8631120791604916,0.7591883626691597,0.8290824781468491,0.9778960312075984
85369,10361,rest,singleband,MNI152NLin6Asym,2,preproc,0.1394622026887095,0.0796120406504064,0.313571,154.0879934887827,47.7559082382485,0.0,0,0.5895122042566595,-0.0916262762871908,0.8752261527018409,0.7781352267429035,0.848173341233201,0.9899821983533476,0.8751160299892895,0.7779611527231179,0.844659368870698,0.987381275440977
85743,10974,rest,singleband,MNI152NLin6Asym,2,preproc,0.1531625546129029,0.0880385195121951,0.3567,196.16993243012732,54.1385492594494,0.0,0,0.2573613650056102,-0.0471543925245085,0.8725642553686528,0.7739370155005746,0.8458382463668987,0.9958228356245112,0.8697597253366873,0.7695352438186475,0.838846515563137,0.9925288331071912
85853,10103,rest,singleband,MNI152NLin6Asym,2,preproc,0.074817722679032,0.0397360894308942,0.155634,152.3018713048765,43.843177014492525,0.0,0,0.3506906612060653,-0.1121782757569801,0.873113628446511,0.7748018349382155,0.8495814069949069,0.9847230733137008,0.8758588358835884,0.7791359874024575,0.8458889160564647,0.9902433853459972
86287,10083,rest,singleband,MNI152NLin6Asym,2,preproc,0.2535245939032253,0.1490804455284552,2.43361,243.6533826581091,68.80334828118026,0.0,0,0.8938861036248096,0.2208705890715272,0.8765377828050991,0.7802111805714915,0.8431656473266411,0.9860353863047884,0.8708225956665333,0.7712008691677321,0.8394693498803224,0.9872116689280868
86350,9955,rest,singleband,MNI152NLin6Asym,2,preproc,0.0869602143709034,0.0519331090243902,0.220933,152.5930917467087,52.03525882009668,0.0,0,0.4947768731616027,-0.0584847855467968,0.8927321237449518,0.8062476505363007,0.8705822639511194,0.9869260070879898,0.8966283908754624,0.8126259398561885,0.8706307728358443,0.9866562075983718
86444,10076,rest,singleband,MNI152NLin6Asym,2,preproc,0.0526019400055806,0.0284626933333333,0.117422,135.05207940899365,42.76894239204295,0.0,0,0.1935080935977724,-0.124931167720767,0.8905147213204774,0.802637708163503,0.8694385107581721,0.9931290466849638,0.8928053142175889,0.8063670515061029,0.8667289687721478,0.993885685210312
86486,11196,rest,singleband,MNI152NLin6Asym,2,preproc,0.0758101900677415,0.0443119112195121,0.153293,161.46095411313345,43.00557483809551,0.0,0,0.2665653634334031,-0.0861496173041446,0.8483879674428042,0.7366959908875981,0.8173974049293506,0.993087548928683,0.8493391239355778,0.7381315743006331,0.8144737094847776,0.9925966757123472
86722,10885,rest,singleband,MNI152NLin6Asym,2,preproc,0.2713882139516129,0.1733525434959349,3.5256199999999995,218.57895083404995,58.056853404210464,0.0,0,0.8382532521561709,-0.1033499151025717,0.856632642195655,0.7492190819936312,0.8255528326883181,0.9931325213065584,0.8571475737593661,0.7500072223488362,0.8235223826062844,0.9907225237449118
86924,10035,rest,singleband,MNI152NLin6Asym,2,preproc,0.1638763638035823,0.0911887991869918,0.685597,150.163170115111,48.02092911691207,0.0,0,0.8018834191213543,0.0921047461612917,0.8857541574376767,0.7949360218394835,0.8663434811827082,0.9960371518823528,0.8812888786740465,0.7877716256449636,0.8526043465103225,0.9917825644504747
86972,10876,rest,singleband,MNI152NLin6Asym,2,preproc,0.1005680953524616,0.0526806105691056,0.188304,132.52646300754742,36.75718930853653,0.0,0,0.5683105897889854,-0.1631311295357886,0.8309202314144731,0.7107472507370528,0.8074552867311325,0.994868956381146,0.834544780369413,0.7160676500586077,0.797640555011179,0.9972693351424696
87135,9969,rest,singleband,MNI152NLin6Asym,2,preproc,0.0480288099295307,0.0300901034959349,0.422132,140.74598157250813,50.85450743152702,0.0,0,0.5726009028383997,-0.3015156561868085,0.8768964998686973,0.7807797765443514,0.8445814278486933,0.984948724484794,0.8754332812705821,0.7784627329712218,0.8449166122915368,0.986291553595658
87346,10597,rest,singleband,MNI152NLin6Asym,2,preproc,0.5819258376129033,0.318509047804878,3.5367,290.4447567084405,69.93328902813593,0.0,0,0.874674784825526,0.1049224509562886,0.8512097104716381,0.7409617910516147,0.821341784161849,0.9915374666687956,0.8539286104933095,0.7450919884326495,0.8200062842580532,0.993075814111262
87445,11153,rest,singleband,MNI152NLin6Asym,2,preproc,0.0964717715293543,0.0583001447154471,0.220945,150.49717488558483,39.34482076330819,0.0,0,0.5373091205744857,-0.0221513077119375,0.8591793628446317,0.7531239660837412,0.8266790184495831,0.9919280892940012,0.8578090635596649,0.7510207235867647,0.8240795435813465,0.988975576662144
87457,10081,rest,singleband,MNI152NLin6Asym,2,preproc,0.1619400713225812,0.0879335699186991,0.242403,174.75297426977795,49.26025108239308,0.0,0,0.6275188858347378,0.021293573731448,0.8235660152830699,0.7000528937297181,0.7895985317542188,0.985798092645529,0.8288737572328251,0.7077578206038107,0.7896921621335089,0.989450474898236
87538,9942,rest,singleband,MNI152NLin6Asym,2,preproc,0.0422201663450562,0.0230028503252032,0.0692186,152.4037337455863,41.034261645011405,0.0,0,0.1922348018103497,-0.1840491992913391,0.8686453232185384,0.7677922238229545,0.8328939564035176,0.9860079878352987,0.8668851531545615,0.7650461518247216,0.8347762167408681,0.9875466417910448
87563,10329,rest,singleband,MNI152NLin6Asym,2,preproc,0.1400684436290316,0.0731142048780487,0.280381,159.92310190422882,44.13900139668656,0.0,0,0.407640124598298,-0.0709776554025929,0.861938428670153,0.7573741618065192,0.8338189717455116,0.9931898989333408,0.8607496330101618,0.7555403605306361,0.8281658679908399,0.9932581411126188
87601,10595,rest,singleband,MNI152NLin6Asym,2,preproc,0.1141860377903233,0.0604533658536585,0.481202,134.81888996462635,39.91646731779884,0.0,0,0.6403843616134001,-0.2002179717811503,0.8462496921782904,0.7334773273222496,0.8237967486528239,0.9968790805720128,0.848672071063607,0.7371245409182575,0.814258017097491,0.9965527476255088
87646,10496,rest,singleband,MNI152NLin6Asym,2,preproc,0.0972970649677419,0.0536260560975609,0.241863,145.92854415207026,44.96702806139943,0.0,0,0.7864383255707467,-0.1173534760860442,0.8452273976075622,0.7319427182948701,0.8143617465764177,0.9947708517973932,0.8396117534892723,0.7235610633027126,0.8030141445956701,0.9932581411126188
87804,10026,rest,singleband,MNI152NLin6Asym,2,preproc,0.1892688903306452,0.1069928227642276,0.5406350000000001,169.0810824425796,47.83577286013856,0.0,0,0.8500989062177214,-0.1482775810711995,0.8783168625422194,0.7830347387880552,0.8554161370820577,0.9913790863527272,0.8788099417350063,0.7838188853502116,0.8494513056815193,0.9903324287652646
87990,9995,rest,singleband,MNI152NLin6Asym,2,preproc,0.0551503299895162,0.0312436853658536,0.327742,177.17791122518742,51.24209625966896,0.0,0,0.654627857713934,-0.460431856967419,0.8719741789649851,0.773009059460101,0.8309201268838289,0.985095875718589,0.8637052999049103,0.7601067749701128,0.830522634850702,0.9840230664857532
88209,10057,rest,singleband,MNI152NLin6Asym,2,preproc,0.1506984289838712,0.0904616398373983,1.11216,130.19847349950552,34.67902147299127,0.0,0,0.7559294147205508,-0.0573149385944748,0.8357289880725288,0.7178131032301189,0.8144936814279213,0.998769662095636,0.835754384345251,0.7178505747476996,0.7991884200705884,0.9980113636363636
88402,10679,rest,singleband,MNI152NLin6Asym,2,preproc,0.0821163934378223,0.0467686593495934,0.203758,133.46695810069406,38.41120351087499,0.0,0,0.2309119829958428,-0.2234235096629772,0.8489026986899951,0.73747258179122,0.8249944648087426,0.9893815356991926,0.8518012569235387,0.741858726165506,0.8174330524450905,0.9927959633649932
88589,10975,rest,singleband,MNI152NLin6Asym,2,preproc,0.0716832776290323,0.0398153695934959,0.260818,150.14675056703257,44.277666490875134,0.0,0,0.7164753649361962,-0.4402447780148695,0.9002246646776628,0.8185532406160143,0.8742955613882227,0.9905752862936812,0.8936097632024776,0.8076804489788848,0.8671484092270401,0.9885558005427408
88608,10165,rest,singleband,MNI152NLin6Asym,2,preproc,0.070393452879838,0.0389473642276422,0.41329,162.45198948674647,51.8445484578642,0.0,0,0.5448575780697924,-0.1379438148123593,0.8517902785882205,0.7418420717958242,0.8236072468841921,0.9860666234218376,0.8523779930006729,0.7427340952003655,0.8171522809589201,0.9857445725915877
88760,11150,rest,singleband,MNI152NLin6Asym,2,preproc,0.0937043507543542,0.0553195073170731,0.251133,136.72635505948173,37.43212036879519,0.0,0,0.4873289305363303,-0.214775947396596,0.8531238579370808,0.7438674732587447,0.8240006046388839,0.99332699702681,0.8529740803161504,0.743639760600399,0.8192481099247956,0.9957343962008142
88770,10376,rest,singleband,MNI152NLin6Asym,2,preproc,0.0836310280161289,0.0495921430894308,1.68197,169.5207070358722,46.84790821931284,0.0,0,0.938757818044444,-0.2418293255364701,0.885414182222567,0.7943885236115319,0.8622471624390573,0.9933159225884788,0.8839646314453866,0.7920579009876869,0.8559158234458167,0.9925542740841248
88773,10758,rest,singleband,MNI152NLin6Asym,2,preproc,0.0826597210983874,0.0456375144715447,0.145464,185.1915423374688,54.854603846023394,0.0,0,0.4558362727255203,-0.1803011718138151,0.8610981534853279,0.756077581330214,0.8325609684936934,0.9909432084245792,0.8584404559564213,0.7519892067265223,0.8253222708560012,0.9926136363636364
89279,10816,rest,singleband,MNI152NLin6Asym,2,preproc,0.0883223684110241,0.050581825203252,0.325606,150.59708017150834,45.43286796477909,0.0,0,0.5143242746079743,-0.1636076338430132,0.8590198728839682,0.7528789086408078,0.8275416305011328,0.9827635697926972,0.856907365194658,0.7496394772420009,0.8228008189468101,0.9874618385345996
89377,10624,rest,singleband,MNI152NLin6Asym,2,preproc,0.108466425424774,0.0622724495934959,0.345689,140.34475476087795,37.11505634119992,0.0,0,0.5060788897565892,-0.1498997330653446,0.8564531798734993,0.7489445685999611,0.8284400417746652,0.9917420464585746,0.8547544754035921,0.746350417483459,0.8205129746714735,0.9896073609226594
90021,10830,rest,singleband,MNI152NLin6Asym,2,preproc,0.3858140763064514,0.244905681300813,0.894526,280.8528931111176,58.34865409757846,0.0,0,0.4163529981538399,0.0908915510865431,0.8488783172979962,0.7374357811638489,0.8185498615952872,0.9946935322131912,0.8492800954296333,0.7380424133244841,0.8140600100181038,0.9901797829036636
90060,10180,rest,singleband,MNI152NLin6Asym,2,preproc,0.0857631925109675,0.0489922962601626,0.339633,158.85309147744562,48.16115270929279,0.0,0,0.8054533485114064,0.1195375047336513,0.8744293358080447,0.776876444657338,0.8439061997215674,0.9922823268112232,0.8767703259647808,0.7805797391507389,0.8472229786701697,0.992240502035278
90077,10627,rest,singleband,MNI152NLin6Asym,2,preproc,0.1642964039274191,0.0959575138211382,1.0679,220.34528193932056,69.11834244169869,0.0,0,0.8012868390608655,-0.1477857889058244,0.8615017457109136,0.7567001024949855,0.8278203466940935,0.9887710575087826,0.8570167386658935,0.7498069023911786,0.822454483135786,0.983768656716418
90262,10131,rest,singleband,MNI152NLin6Asym,2,preproc,0.1121166875300158,0.0631904498373983,0.285219,129.17902242435576,42.05947120175642,0.0,0,0.7776135166835083,-0.0794721776508582,0.8437286120789762,0.7296977343666701,0.818537658369348,0.9956142509033572,0.8440810144935338,0.7302250634145433,0.8089226666112703,0.9972693351424696
90281,10147,rest,singleband,MNI152NLin6Asym,2,preproc,0.1124079287598387,0.065575821300813,0.4698729999999999,153.27124979974903,46.85966537084958,0.0,0,0.7202069392073307,-0.2679361592965545,0.867954427705201,0.7667133275789844,0.8404721152464738,0.988113893999758,0.8704330081346267,0.7705899821817462,0.8393666372724242,0.9902264246947082
91717,10878,rest,singleband,MNI152NLin6Asym,2,preproc,0.2428800908709679,0.1621665983739837,0.629494,203.89606303958556,52.09337115462268,0.0,0,0.8423443852990397,0.095409254853892,0.8524902673351001,0.7429046073146011,0.8173974898664037,0.982648374941121,0.8481194436016953,0.7362911361691803,0.8110212402624661,0.9778960312075984
91962,10569,rest,singleband,MNI152NLin6Asym,2,preproc,0.1817085281209675,0.1045196300813008,0.414382,183.8090734691524,56.661775318153694,0.0,0,0.7251358334506532,0.0681857659573462,0.8969141468449102,0.8130955032008804,0.8759175644031681,0.9929983471161664,0.8939946101549581,0.8083094516204954,0.8677864180578432,0.9902476255088196
92089,11104,rest,singleband,MNI152NLin6Asym,2,preproc,0.0723028398951616,0.0406172082113821,0.18235,147.5490593880078,46.135673402192005,0.0,0,0.5083648501030347,-0.1397112488465233,0.8552322699089302,0.7470792960253114,0.8283246300945724,0.9974021996821392,0.852246253820685,0.7425340641733243,0.8181750933323352,0.994288500678426
92182,10905,rest,singleband,MNI152NLin6Asym,2,preproc,0.0945964746451614,0.0505166050406503,0.293906,140.7451801654875,46.56046241267759,0.0,0,0.6837667244394855,-0.0857603640058041,0.909999592160918,0.8348616987813664,0.8938726945941272,0.9862740500055814,0.91090264797967,0.8363831261639741,0.8877405763043321,0.982594131614654
92211,10435,rest,singleband,MNI152NLin6Asym,2,preproc,0.076342199580645,0.0447683034146341,0.181942,136.74583207042312,39.397533517874976,0.0,0,0.4308795782912887,-0.2692104081121933,0.8663745530157497,0.7642511513132841,0.8407159234013508,0.994273556102504,0.8629289862846041,0.7589050955269463,0.8306741037631292,0.9925457937584804
92554,10133,rest,singleband,MNI152NLin6Asym,2,preproc,0.0563100771370966,0.0337624889512195,0.17121,138.77571048643838,45.23346867307288,0.0,0,0.2388583353165876,-0.2963629741230936,0.8954963826922357,0.8107681755493158,0.8705673155439166,0.9895895819113292,0.8945435165197521,0.8092073545070808,0.8683511803671272,0.9892511872455902
92927,10417,rest,singleband,MNI152NLin6Asym,2,preproc,0.0442355305170712,0.0244076057723577,0.154886,153.96705279465647,43.2000316686728,0.0,0,0.4140094355711485,-0.3951456497309961,0.8330171331681574,0.7138212195262604,0.8005971312970169,0.9980780618094314,0.8334607233744469,0.7144729200935247,0.7962183414362543,0.996387381275441
93051,10149,rest,singleband,MNI152NLin6Asym,2,preproc,0.1178608673064516,0.0666891382113821,0.334714,162.32989643049078,48.83140456265976,0.0,0,0.7591695883906224,-0.1423332838923499,0.8973921428646033,0.8138815056116605,0.8743017250881308,0.9902908508215148,0.8943235996946811,0.8088475067820247,0.8680227735872603,0.9886363636363636
93169,10113,rest,singleband,MNI152NLin6Asym,2,preproc,0.0595577512556455,0.0329416601626016,0.234222,128.77171797322805,40.232555127332816,0.0,0,0.760395109407601,-0.4477103787570503,0.8603534634939901,0.7549300909839189,0.8381827995788267,0.9970546154693608,0.8575204053323988,0.7505783117132085,0.8247056146903862,0.9960820895522388
93274,10785,rest,singleband,MNI152NLin6Asym,2,preproc,0.0679240208669346,0.0375581651219512,0.139175,148.8917261739276,40.35859962786338,0.0,0,0.4060816715883458,-0.3259959829482943,0.8748900944190884,0.7776041167883675,0.8503049593547363,0.9869195065150648,0.8706622725062549,0.770949425765179,0.8397145646010155,0.9908158073270014
93278,10148,rest,singleband,MNI152NLin6Asym,2,preproc,0.0802121390967741,0.0456587479674796,0.345657,173.8074486605212,47.73991202952036,0.0,0,0.6626206333977104,-0.1351690399848411,0.8613074981527254,0.7564004301033389,0.8307925286851096,0.9920885758402658,0.8620945660363489,0.7576152993956855,0.8299503368113934,0.9945853120759836
93517,10932,rest,singleband,MNI152NLin6Asym,2,preproc,0.1460879874177416,0.0839726861788617,0.5125430000000001,161.19173381004305,44.13512663127045,0.0,0,0.5757997651357804,-0.0514668025647072,0.8329325286188716,0.7136969790042768,0.8063007701576926,0.9972844252221624,0.8286853010081681,0.7074830544869196,0.790988404784666,0.9988848371777476
93549,10474,rest,singleband,MNI152NLin6Asym,2,preproc,0.1185059422096767,0.0715728040650406,0.209869,175.88464492482078,46.16514573166566,0.0,0,0.4463561635670356,-0.1042320485625524,0.8858849451715087,0.7951467322267567,0.8610781983776076,0.9931418937496564,0.882868212807517,0.7902990702881126,0.8543988877136117,0.9908327679782905
93723,10956,rest,singleband,MNI152NLin6Asym,2,preproc,0.1248412791337096,0.0700122162601626,0.374889,140.1448254620593,42.052618622244914,0.0,0,0.7014543216049021,-0.1411948926475552,0.8599174341478165,0.7542589106299065,0.8319174565303548,0.9970933371614558,0.8562944696653273,0.7487018703273711,0.8231407178734432,0.9953315807327
93734,10092,rest,singleband,MNI152NLin6Asym,2,preproc,0.0787317688756771,0.0439712495934959,0.107162,182.6236579403765,60.33700811733618,0.0,0,0.3842109055754811,0.0367895208600612,0.8566415497039593,0.7492327095515461,0.8261398826991556,0.9881914636348696,0.8581109839753688,0.7514837010717501,0.8242292444255811,0.987364314789688
93787,10163,rest,singleband,MNI152NLin6Asym,2,preproc,0.0572112554522292,0.0325553768292682,0.160325,152.6467751173993,50.04651556469142,0.0,0,0.2926404190026599,-0.1952563292069112,0.8752806676623902,0.778221412664093,0.8468460910876859,0.9892500050032416,0.8810199850201963,0.7873420197197156,0.8520806404540334,0.9900398575305293
93856,10352,rest,singleband,MNI152NLin6Asym,2,preproc,0.0721916275467737,0.03893951300813,0.32637,152.63674779288132,50.87702462459704,0.0,0,0.329027141205038,-0.0871686230765918,0.8435485682632768,0.7294284438702814,0.8134783373342578,0.993742348596024,0.8414901702109354,0.7263556584273001,0.8055524887148532,0.9953018995929444
94276,10957,rest,singleband,MNI152NLin6Asym,2,preproc,0.0644124180435483,0.0379374852845528,0.126164,144.06041264392027,46.34634773309564,0.0,0,0.488220280687727,-0.1395418038458954,0.8588082692242718,0.7525538838600718,0.8236883090381195,0.9905238563990656,0.857037558582147,0.749838776433446,0.823423644878371,0.9909642130257802
94492,11251,rest,singleband,MNI152NLin6Asym,2,preproc,0.2772324257258065,0.1649443162601626,2.37138,139.97266443095106,40.57745725686701,0.0,0,0.8237064611657111,-0.0544039952807883,0.8316402859207317,0.711801576089184,0.8057074835457709,0.9945601547282216,0.8340300482778985,0.7153100704233947,0.7965171033795826,0.994021370420624
95015,10380,rest,singleband,MNI152NLin6Asym,2,preproc,0.1394978479838712,0.0760784723577235,0.561823,209.9432451450549,66.58034593480357,0.0,0,0.7049556662010086,-0.3897392655128567,0.877078408634149,0.7810682556805467,0.8493742424721112,0.9855871330900912,0.8754033575880061,0.7784154109783513,0.8450896962623616,0.988106343283582
95057,10778,rest,singleband,MNI152NLin6Asym,2,preproc,0.1742668193771082,0.1038204081300812,0.8040399999999999,151.7916844904277,40.939926676714016,0.0,0,0.8115753442612607,-0.1450039039078886,0.8752907112285548,0.778237292042517,0.8558696007459009,0.9967051653969315,0.8764273102923117,0.7800361456990604,0.8472174069626066,0.995564789687924
95116,10891,rest,singleband,MNI152NLin6Asym,2,preproc,0.074097312201613,0.0452143755284552,0.830092,135.1364448751894,40.9941189857619,0.0,0,0.853099217356419,-0.388183927580593,0.8492560152506569,0.7380060434864174,0.8162750824027007,0.993203784044348,0.8515713703455705,0.7415100497815127,0.8170777167227287,0.9922193012211667
95460,10586,rest,singleband,MNI152NLin6Asym,2,preproc,0.1034742304516128,0.0589207569105691,0.294539,191.42715176567185,50.97525913743655,0.0,0,0.5377142680981379,-0.0605823240629067,0.9040231825678248,0.824856117564522,0.8814052242702002,0.9844980483620877,0.9009620958816674,0.819773451402875,0.8752174199946116,0.9785871777476256
96659,10362,rest,singleband,MNI152NLin6Asym,2,preproc,0.1001469269359674,0.054414131707317,0.311017,255.9228004446118,70.61435171511717,0.0,0,0.3483457628970135,-0.0135179804944499,0.9104191930982194,0.8355683096942514,0.8856888611534648,0.9836373853074064,0.9050251735115152,0.8265260091995666,0.8808698826716685,0.9866689280868384
97092,10279,rest,singleband,MNI152NLin6Asym,2,preproc,0.0845076986451607,0.045325872601626,0.26628,173.85658362529142,44.12526922173567,0.0,0,0.4156081387225743,-0.191234531078214,0.8445619592792161,0.7309452601650215,0.8201388740222882,0.9969757388492088,0.843976094803148,0.7300680297432366,0.8088944565474674,0.9978968792401628
97271,10366,rest,singleband,MNI152NLin6Asym,2,preproc,0.1643847435564515,0.0906920455284553,1.62811,168.3188072183437,48.026020641107024,0.0,0,0.8736370874071541,-0.3616601659192132,0.8668829650961656,0.7650427435059577,0.8408456252343421,0.9878554480671736,0.8646703824144423,0.7616029468633864,0.8318498165769073,0.9853883989145183
97485,10402,rest,singleband,MNI152NLin6Asym,2,preproc,0.266293432194354,0.1629664577235772,0.439698,275.618514380557,57.43907316918406,0.0,0,0.4391175846683269,-0.134980291544857,0.8812625066661448,0.7877294824900958,0.8593239926157582,0.9935175564455913,0.8824248691366225,0.7895888560574081,0.8539313891262712,0.9914221506105836
97994,10584,rest,singleband,MNI152NLin6Asym,2,preproc,0.0643068789526804,0.0352336132520325,0.1505369999999999,160.55594149102438,52.05903646288372,0.0,0,0.5247709524048915,-0.1555035909021221,0.8739830579011805,0.7761722095159022,0.8443288659653396,0.9940758821694956,0.8728807229815521,0.7744350937644954,0.8424120940259117,0.99109565807327
98394,10025,rest,singleband,MNI152NLin6Asym,2,preproc,0.2635702514516125,0.1451961886178862,0.676743,189.85142307701707,50.587919357810776,0.0,0,0.79197890776632,0.0927061356982929,0.8536367062088236,0.7446476268319209,0.8284035144728213,0.9936276994935214,0.8516772106541748,0.7416705638484776,0.8176336210867298,0.995229816824966
98422,11250,rest,singleband,MNI152NLin6Asym,2,preproc,0.0696834018951608,0.0375633477235772,0.336939,122.96356834855256,38.81984219293098,0.0,0,0.5813360363196096,-0.1688313176209968,0.8693251400999632,0.7688551067429061,0.840331121931632,0.9884694230898158,0.8693727570807666,0.7689296030370554,0.8377785616025568,0.9876526458616012
98535,11254,rest,singleband,MNI152NLin6Asym,2,preproc,0.2232365779354838,0.1313762723577235,0.702836,201.4685653740584,53.89405439966679,0.0,0,0.8296671988371979,0.1216212718514705,0.8437157511726798,0.7296784956020624,0.8049612752802613,0.987609389864094,0.8467050350822037,0.7341617373163114,0.8106546266007979,0.9877968113975576
98567,10554,rest,singleband,MNI152NLin6Asym,2,preproc,0.1282670293225803,0.0746555073170731,0.32069,216.50789569517227,64.97525980597341,0.0,0,0.5245491668414174,-0.3416776017020174,0.8579865088859209,0.7512927960675152,0.8264081614820552,0.9885383195211004,0.8592830528074007,0.7532833231961433,0.8263136597787087,0.99250763229308
98831,10084,rest,singleband,MNI152NLin6Asym,2,preproc,0.1125704041838707,0.0602712276422764,0.186894,180.6036518280022,55.50730548716259,0.0,0,0.428675373184191,-0.021436527676515,0.8751925404010501,0.778082091234619,0.8506351815917701,0.9892542928503486,0.8694055542804682,0.7689809175801867,0.8378354550479763,0.9877968113975576
98871,10717,rest,singleband,MNI152NLin6Asym,2,preproc,0.1039283017370967,0.0580898198373983,0.326066,184.9437506996582,54.07937681643943,0.0,0,0.6681587659215149,-0.1484015329612143,0.8519337107493492,0.7420596865581787,0.8215859995287548,0.9971282525398064,0.8528472446781068,0.7434469740159376,0.8190339031285467,0.9952934192673
99604,10633,rest,singleband,MNI152NLin6Asym,2,preproc,0.072728474415968,0.0396599188617886,0.1541579999999999,168.56033468679115,49.48242540416869,0.0,0,0.432286498881084,-0.17604313425013,0.876505326980436,0.7801597533388331,0.8494159384276856,0.9932053197599792,0.871164388023863,0.7717371588754225,0.8404939644439511,0.992240502035278
99949,10326,rest,singleband,MNI152NLin6Asym,2,preproc,0.1267649115741938,0.0683493650406504,0.182793,150.2412982636856,48.25869995425946,0.0,0,0.5155663128602191,-0.1650843664857244,0.874821795309178,0.7774962149658443,0.8541287493825684,0.9937233001949004,0.8731244015038322,0.7748188022431489,0.8430132854509741,0.9935973541383988
99964,10105,rest,singleband,MNI152NLin6Asym,2,preproc,0.0569105396208869,0.0319663154471544,0.173376,111.51612375875963,38.43084255175898,0.0,0,0.4550451523590255,-0.1559986621664916,0.8784504316806524,0.7832470864368647,0.8524313325866287,0.991934388713551,0.8794369312377579,0.7848169868824708,0.8507229881549341,0.994708276797829
